{
  "microsoft/codebert-base (python)": {
    "entropy": {
      "overall": 7.32908618643328,
      "per_layer": [
        7.823895971394247,
        7.679305675956939,
        6.289202019572258,
        7.155773492736949,
        7.4630968351331015,
        7.776760252813497,
        7.695891600930029,
        7.284174264305167,
        7.247568565110364,
        7.171569421887398,
        7.368847916523616,
        6.9929482208357925
      ]
    },
    "sparsity": {
      "overall": 0.9652206323764941,
      "per_layer": [
        0.9294133318795096,
        0.9425598382949829,
        0.9833997355567085,
        0.966805272632175,
        0.9685829612943863,
        0.9595321946673923,
        0.9612438678741456,
        0.9699987173080445,
        0.9735741880204941,
        0.9756020439995657,
        0.9713093439737955,
        0.9806260930167304
      ]
    },
    "std": {
      "overall": 0.033924518289731406,
      "per_layer": [
        0.03216705917091329,
        0.03509485252208025,
        0.05378719090529355,
        0.04131306653370201,
        0.03134444934888355,
        0.027182577630608443,
        0.027893288776491925,
        0.03269549097199666,
        0.03089858080460949,
        0.031589127570946916,
        0.029853678411907617,
        0.03327485682934316
      ]
    },
    "max": {
      "overall": 0.7034167175669507,
      "per_layer": [
        0.644273536286265,
        0.9525170306571656,
        0.9642218455879225,
        0.8708500386112266,
        0.7053895012941211,
        0.527533997160693,
        0.5881355775571945,
        0.7272468621118201,
        0.6501451553000758,
        0.66147624147642,
        0.5942919864577966,
        0.5549188383027084
      ]
    },
    "query_to_code": {
      "overall": 0.003697448214355801,
      "per_layer": [
        0.010194086906023641,
        0.003304891610502585,
        0.002559383753951434,
        0.004721321199907733,
        0.004367416093152264,
        0.004791255106978396,
        0.004904828196585085,
        0.0031117529132246424,
        0.001240263766378449,
        0.0008624364660047628,
        0.0015726180362634068,
        0.002739124523297202
      ]
    },
    "code_to_query": {
      "overall": 0.003473925699695475,
      "per_layer": [
        0.010818924722245488,
        0.002951440492448909,
        0.0031541470620166157,
        0.003724023155137325,
        0.004033718266593193,
        0.004499120879523212,
        0.005236420766651565,
        0.002810496798615879,
        0.0011091627360144685,
        0.0007172001045066483,
        0.001207758581904904,
        0.0014246948306874984
      ]
    },
    "code_to_code": {
      "overall": 0.01176914890423101,
      "per_layer": [
        0.020426517622480687,
        0.012633725098971304,
        0.013556049221127372,
        0.012944758708524911,
        0.01461723877117846,
        0.012095700637776948,
        0.012099693369034664,
        0.013889758388561152,
        0.00841469384343125,
        0.006485544025988728,
        0.0057910000506353745,
        0.008275107113061292
      ]
    },
    "query_to_query": {
      "overall": 0.021478036836585775,
      "per_layer": [
        0.03887234342578772,
        0.021779376648939638,
        0.025657459362668708,
        0.022821984462401208,
        0.024339260344984525,
        0.019266578518403955,
        0.021301928285942674,
        0.030974184367045784,
        0.019864919044468684,
        0.015927228916957067,
        0.007353385424822691,
        0.009577793236606643
      ]
    },
    "query_to_code_sparsity": {
      "overall": 0.9093508335528354,
      "per_layer": [
        0.6406881821777638,
        0.9300920333165122,
        0.9407199065930002,
        0.8824545237042279,
        0.8989753224968355,
        0.8838603880009753,
        0.9020900899116944,
        0.9409880908066892,
        0.9802927206719673,
        0.9853048884819339,
        0.9758971302137339,
        0.9508467262586885
      ]
    },
    "query_to_code_std": {
      "overall": 0.009200268003462487,
      "per_layer": [
        0.010462247476082216,
        0.009719348307947554,
        0.008157342783666383,
        0.011218900294908156,
        0.01039301581848425,
        0.009765559596821226,
        0.013323234924680745,
        0.01027523101613623,
        0.0058749215093409175,
        0.0036625915295695048,
        0.00814289245210552,
        0.00940793033180714
      ]
    },
    "query_to_code_max": {
      "overall": 0.12987623711701424,
      "per_layer": [
        0.11550333068877962,
        0.1417308550399419,
        0.13374281166771754,
        0.1564355253669621,
        0.1401763761611316,
        0.12435149442818429,
        0.1759150861087417,
        0.14643923158207092,
        0.10115757074264466,
        0.057816746299471956,
        0.1400220807976843,
        0.12522373652084048
      ]
    },
    "query_to_code_entropy": {
      "overall": 4.630218387170182,
      "per_layer": [
        5.245104473549873,
        4.5055396636340035,
        4.2547408035025,
        5.030390569836729,
        5.022626485002951,
        5.2268940282778615,
        4.873675111474262,
        4.156592125797436,
        4.373956030079475,
        4.342212107032538,
        4.178369386121631,
        4.35251986173292
      ]
    }
  },
  "codebert-python (python)": {
    "entropy": {
      "overall": 7.373500031522579,
      "per_layer": [
        7.815658171557717,
        7.700877200398179,
        6.3454852232502565,
        6.936243497663074,
        7.406534747117096,
        7.695429039084249,
        7.578925750321812,
        7.369352817949321,
        7.441192164189286,
        7.456832738386261,
        7.6700441253681975,
        7.065424902985494
      ]
    },
    "sparsity": {
      "overall": 0.9616304790532147,
      "per_layer": [
        0.9300428496466742,
        0.9417032798131307,
        0.9820887909995184,
        0.9710400236977471,
        0.9654461807674831,
        0.9592276016871136,
        0.9625540044572619,
        0.9662981695599027,
        0.9654856522878011,
        0.963594569100274,
        0.9568123552534314,
        0.9752722713682386
      ]
    },
    "std": {
      "overall": 0.0341844171106021,
      "per_layer": [
        0.032324452338798444,
        0.03482684595494195,
        0.05303325961318075,
        0.045464624704133406,
        0.03363565614805945,
        0.02887055653829723,
        0.029732296432484873,
        0.031643459290434196,
        0.029469660090398975,
        0.03043449729092471,
        0.027516759548840735,
        0.03326093737673041
      ]
    },
    "max": {
      "overall": 0.7374961579717584,
      "per_layer": [
        0.6446762208037803,
        0.951516307476494,
        0.9615253856819538,
        0.8817245843820274,
        0.7591904379013511,
        0.575989240185461,
        0.6279582666336663,
        0.7523835646247284,
        0.6538367215026584,
        0.703155801165849,
        0.7613234117420183,
        0.5766739535611123
      ]
    },
    "query_to_code": {
      "overall": 0.004834330889291415,
      "per_layer": [
        0.010120799618113272,
        0.0036746189141475326,
        0.003006876532518434,
        0.004604798232094254,
        0.004198237880302714,
        0.005364295268931427,
        0.005433528852727754,
        0.004102546307424188,
        0.0030483745035907207,
        0.00430439640932592,
        0.006469497366512971,
        0.0036840007858077906
      ]
    },
    "code_to_query": {
      "overall": 0.004693299407858751,
      "per_layer": [
        0.010844885923651848,
        0.0031393776907193143,
        0.0035192025574196525,
        0.004129660476249026,
        0.004130851030936356,
        0.004953064191871211,
        0.005603767056704277,
        0.006484027280837129,
        0.003390929354326191,
        0.002857176331436525,
        0.0042855937888614595,
        0.002981057211292024
      ]
    },