{
  "microsoft/codebert-base (python)": {
    "entropy": {
      "overall": 7.2429862429767295,
      "per_layer": [
        7.667256670693555,
        7.523542466676897,
        6.204846241407924,
        7.00800322368741,
        7.381257998860544,
        7.665862304882869,
        7.614541704869933,
        7.236413639452723,
        7.210507206204865,
        7.0861390141977205,
        7.345828578290013,
        6.971635866496297
      ]
    },
    "sparsity": {
      "overall": 0.967455979850557,
      "per_layer": [
        0.9349198076460098,
        0.9468147489759658,
        0.9854153924518161,
        0.9716546270582412,
        0.9706258641348947,
        0.9617214732699924,
        0.9621734486685859,
        0.9719985326131186,
        0.9743145571814642,
        0.977784276008606,
        0.9708057377073499,
        0.9812432924906412
      ]
    },
    "std": {
      "overall": 0.034544545227011746,
      "per_layer": [
        0.033519533301942926,
        0.03628361958059637,
        0.05478415207471699,
        0.04261163436199745,
        0.03171614712078332,
        0.027792000031493246,
        0.02825905093696848,
        0.032703242626869015,
        0.03113699883720579,
        0.03242192620786631,
        0.02991785681256766,
        0.03338838083113337
      ]
    },
    "max": {
      "overall": 0.7063108153390069,
      "per_layer": [
        0.6625609502079896,
        0.9587797378707262,
        0.9670650091332694,
        0.8793992934127649,
        0.7009268848794615,
        0.5364851729892608,
        0.5910743695373336,
        0.7210792374228023,
        0.6483643828735998,
        0.6535912258033124,
        0.6016046376898885,
        0.5547988822476732
      ]
    },
    "query_to_code": {
      "overall": 0.004617876111789396,
      "per_layer": [
        0.012592478520535662,
        0.0034261169629409313,
        0.0028300231554623735,
        0.005716711682806717,
        0.005400925018146078,
        0.005817382622707454,
        0.006113453718373622,
        0.004390114890435528,
        0.001677569835635495,
        0.0012468221984060317,
        0.002083632138251801,
        0.004119282597771068
      ]
    },
    "code_to_query": {
      "overall": 0.004413074322051157,
      "per_layer": [
        0.01312192959904975,
        0.003614092652280678,
        0.004139193217895354,
        0.004479675870571656,
        0.005322236571998928,
        0.00574683386493133,
        0.006760055548460917,
        0.0038084217661694055,
        0.0014506772913654863,
        0.0009884586770188737,
        0.0016343417581591918,
        0.0018909750467123053
      ]
    },
    "code_to_code": {
      "overall": 0.014075083852451034,
      "per_layer": [
        0.025458447336455317,
        0.014744345152596197,
        0.016750852243906895,
        0.015547230090709893,
        0.017149475553499844,
        0.013668264994622507,
        0.013584376304910016,
        0.016881904786512473,
        0.01052998123114119,
        0.008127729263125933,
        0.006451153251633614,
        0.01000724602029853
      ]
    },
    "query_to_query": {
      "overall": 0.024397057298588112,
      "per_layer": [
        0.045495294972271144,
        0.026226642995324154,
        0.030004389214607522,
        0.024507215723941853,
        0.027469325983373788,
        0.02085332236007768,
        0.02240360190828344,
        0.03376121495218993,
        0.021142296614572034,
        0.01790092211700135,
        0.010097211510381184,
        0.0129032492310333
      ]
    },
    "query_to_code_sparsity": {
      "overall": 0.8936714498772704,
      "per_layer": [
        0.5940925969444496,
        0.9310414713650824,
        0.9393000534686005,
        0.8669958518650794,
        0.8761072796118933,
        0.8591366832770527,
        0.885267309140248,
        0.9237090628527688,
        0.9714004842341825,
        0.9763139882631321,
        0.9674287949830148,
        0.9332638225217392
      ]
    },
    "query_to_code_std": {
      "overall": 0.011225298796005577,
      "per_layer": [
        0.012857655344017319,
        0.011006451395970104,
        0.009450098095220323,
        0.01429778027052938,
        0.012114850341352698,
        0.011606806720919847,
        0.015937356455702278,
        0.013854790821189527,
        0.006825888193071074,
        0.004258333371378992,
        0.009738234341486735,
        0.012755340201228668
      ]
    },
    "query_to_code_max": {
      "overall": 0.13471487633434356,
      "per_layer": [
        0.12442852066463043,
        0.14560167189873122,
        0.13527835988717304,
        0.17185873249683128,
        0.13843528228961885,
        0.12486948101084434,
        0.1745935938896663,
        0.16956468786078305,
        0.09844443769967863,
        0.05361606666681635,
        0.1425136184587043,
        0.13737406318864487
      ]
    },
    "query_to_code_entropy": {
      "overall": 4.293153786817264,
      "per_layer": [
        4.899629507058611,
        4.110799849602498,
        3.8462843840113936,
        4.585472190856105,
        4.634845580595234,
        4.834342792216275,
        4.5275802130086555,
        3.906746315265385,
        4.158388644663823,
        4.127860634173783,
        3.844111808886131,
        4.041783521469268
      ]
    }
  },
  "codebert-python (python)": {
    "entropy": {
      "overall": 7.2988630017196705,
      "per_layer": [
        7.657977069831557,
        7.546181091417869,
        6.248897348841031,
        6.818076369249159,
        7.357939441170957,
        7.546027142140601,
        7.512176245037053,
        7.281045441412264,
        7.43791726190183,
        7.44544134537379,
        7.623355956955088,
        7.111321307304833
      ]
    },
    "sparsity": {
      "overall": 0.9637161283581346,
      "per_layer": [
        0.9353355699115329,
        0.9460479285981921,
        0.9843404160605537,
        0.9747398032082452,
        0.9679455492231582,
        0.9635536803139582,
        0.9635899861653647,
        0.968941648801168,
        0.9656629694832694,
        0.9632686376571655,
        0.9576936827765571,
        0.9734736680984496
      ]
    },
    "std": {
      "overall": 0.03441441865969089,
      "per_layer": [
        0.03370058475088121,
        0.035998672434491,
        0.05419541653666077,
        0.04636939197532936,
        0.03268815532080933,
        0.029438700286037702,
        0.029600461825288624,
        0.0321234569920408,
        0.028888436976962518,
        0.030043854384631332,
        0.02763484849775624,
        0.03229104393540184
      ]
    },
    "max": {
      "overall": 0.7357776874937203,
      "per_layer": [
        0.6629657423666989,
        0.9564260657255846,
        0.9667135334780649,
        0.8863032209790415,
        0.7307149393277036,
        0.5689246849570837,
        0.622977801805569,
        0.7557373107669668,
        0.6399766182940866,
        0.7123070868094349,
        0.7689647386626651,
        0.5573205067517443
      ]
    },
    "query_to_code": {
      "overall": 0.005934226469392664,
      "per_layer": [
        0.012496579189085174,
        0.003925078472723337,
        0.0032856548469342908,
        0.00596382723137544,
        0.005143393301390612,
        0.0062693974723010285,
        0.006375015809390385,
        0.005261617638480616,
        0.003713284545293997,
        0.005880896205389439,
        0.007815353376884106,
        0.005080619543463542
      ]
    },
    "code_to_query": {
      "overall": 0.005936546670379906,
      "per_layer": [
        0.013134031565868466,
        0.003880592705414791,
        0.004490188596340279,
        0.004639576715059472,
        0.005073325332533488,
        0.006281194342123955,
        0.00702390718744381,
        0.0085130688672608,
        0.0045279183241038684,
        0.0035542618209281804,
        0.006249003320381991,
        0.0038714912670997736
      ]
    },