{
  "microsoft/codebert-base (python)": {
    "entropy": {
      "overall": 7.3243496702915,
      "per_layer": [
        7.799668117943738,
        7.630127627402544,
        6.274676491402918,
        7.145982277476125,
        7.447669255236785,
        7.767636171231666,
        7.697298703922166,
        7.298054998119674,
        7.252670563343499,
        7.181881013015906,
        7.391379881236289,
        7.00515094316668
      ]
    },
    "sparsity": {
      "overall": 0.9651968291512242,
      "per_layer": [
        0.9302083783679537,
        0.9443962441550361,
        0.984054446220398,
        0.9673230250676471,
        0.9687761200798882,
        0.9594896501964993,
        0.959566526942783,
        0.969561497370402,
        0.973603367805481,
        0.975215646955702,
        0.969762921333313,
        0.9804041253195868
      ]
    },
    "std": {
      "overall": 0.03381050362255606,
      "per_layer": [
        0.03231664710094467,
        0.03565122165956482,
        0.05399692231084272,
        0.04086395095995006,
        0.031326865892171755,
        0.027024135388880193,
        0.02767317528196145,
        0.032349835387625106,
        0.030605293753776807,
        0.031294628416718394,
        0.029516030909791074,
        0.033107336408445716
      ]
    },
    "max": {
      "overall": 0.7003578723406126,
      "per_layer": [
        0.6592569316918445,
        0.9532780021739503,
        0.9633179098471172,
        0.8763340013101696,
        0.7018793821852239,
        0.5394976845838958,
        0.5842350081074984,
        0.7105507968097098,
        0.6366501317307767,
        0.6564359315153625,
        0.5820632641617624,
        0.5407954239700403
      ]
    },
    "query_to_code": {
      "overall": 0.003810185245646101,
      "per_layer": [
        0.010635532677480401,
        0.003501160656449448,
        0.002814112311147218,
        0.005100105272415729,
        0.004262821698142084,
        0.004675394861035582,
        0.004797727618248851,
        0.0030780824107381477,
        0.0010846832393869793,
        0.0009410608769668568,
        0.001759992652078305,
        0.003071548673663611
      ]
    },
    "code_to_query": {
      "overall": 0.004076909687814159,
      "per_layer": [
        0.012193998174772168,
        0.003102513375370168,
        0.004091523519024223,
        0.0047878322960867884,
        0.005372811711374146,
        0.005254949188863774,
        0.005417950165388498,
        0.003430778509567745,
        0.0012397951053155036,
        0.0009770833521669272,
        0.0014795081880320836,
        0.0015741726678078925
      ]
    },
    "code_to_code": {
      "overall": 0.011630268110902488,
      "per_layer": [
        0.020417993491315026,
        0.012105833915484254,
        0.012911072714410289,
        0.013157323242921848,
        0.013489419575812968,
        0.0118753201515776,
        0.01218047702322009,
        0.013303554337451512,
        0.008550011082661513,
        0.007071693253945139,
        0.005618037604051551,
        0.008882480937978067
      ]
    },
    "query_to_query": {
      "overall": 0.024861961532456723,
      "per_layer": [
        0.04425954949975777,
        0.024944214626278455,
        0.027332645034120005,
        0.02640061258918851,
        0.02825380138448155,
        0.021992319763739943,
        0.025568389254254323,
        0.03583601229062575,
        0.021982611135172192,
        0.020004817945442076,
        0.009906389334016948,
        0.011862175532403147
      ]
    },
    "query_to_code_sparsity": {
      "overall": 0.9096094083055298,
      "per_layer": [
        0.6434558966262256,
        0.9293756472342819,
        0.940967620511616,
        0.8862849131499396,
        0.9032586927062162,
        0.8882702117636803,
        0.9047561146612316,
        0.9392452100711858,
        0.9823928975445626,
        0.9833600529440379,
        0.971452012232051,
        0.9424936302213296
      ]
    },
    "query_to_code_std": {
      "overall": 0.009749648375066105,
      "per_layer": [
        0.011466404448629279,
        0.011240805036627695,
        0.009590105580702217,
        0.013459835815764461,
        0.010564752506424054,
        0.010330290606058648,
        0.013492593558061748,
        0.010082593309175221,
        0.004680947259013616,
        0.0037063367988897276,
        0.008862526248991445,
        0.009518589332455148
      ]
    },
    "query_to_code_max": {
      "overall": 0.12540451075027448,
      "per_layer": [
        0.11493962888677502,
        0.15245545783282682,
        0.14174589980100588,
        0.16690063861824453,
        0.13274040882323687,
        0.11938362039776017,
        0.16380011636404865,
        0.1334539875051885,
        0.07062018489493009,
        0.0500827580936958,
        0.14278709936423992,
        0.11594432842134157
      ]
    },
    "query_to_code_entropy": {
      "overall": 4.424956124089578,
      "per_layer": [
        5.082739364459282,
        4.250632746715888,
        4.0623596156429915,
        4.738026363878614,
        4.748269372930129,
        4.932595388756857,
        4.64475798379216,
        4.019689047592693,
        4.1814680896285505,
        4.230172135660218,
        3.9394259438332586,
        4.269337436184287
      ]
    }
  },
  "codebert-python (python)": {
    "entropy": {
      "overall": 7.3670024274744925,
      "per_layer": [
        7.791554879811073,
        7.657546184957027,
        6.325163311014573,
        6.934170142643983,
        7.40994834403197,
        7.6356091118521165,
        7.5591435299979315,
        7.388922474036614,
        7.454898823052645,
        7.487347003900342,
        7.657152066214217,
        7.102573258181413
      ]
    },
    "sparsity": {
      "overall": 0.9618804344424495,
      "per_layer": [
        0.9308162132898965,
        0.9437005254957412,
        0.9829148981306289,
        0.9713909493552314,
        0.9665786160363092,
        0.9621344407399496,
        0.9621625079049004,
        0.9654497040642632,
        0.9651088052325778,
        0.9623258776134915,
        0.9563856389787461,
        0.9735970364676582
      ]
    },
    "std": {
      "overall": 0.0339803706853706,
      "per_layer": [
        0.0324700471509358,
        0.035296256225491464,
        0.053307131123599694,
        0.044930245738618806,
        0.03250067004975992,
        0.029032088425689533,
        0.02982515790467409,
        0.03119230458913888,
        0.029056195691939336,
        0.02974495839346977,
        0.02765341402684701,
        0.032755978904282924
      ]
    },
    "max": {
      "overall": 0.7342937701630743,
      "per_layer": [
        0.6593535941986678,
        0.9512240830808879,
        0.9622761190144552,
        0.8839762456611626,
        0.7359503081792759,
        0.5837404877982205,
        0.6278144054942659,
        0.7413323782901796,
        0.6301602195793142,
        0.706763906378506,
        0.7759726794643534,
        0.5529608148176016
      ]
    },
    "query_to_code": {
      "overall": 0.004952927173221781,
      "per_layer": [
        0.010565313914780224,
        0.0038296306454188417,
        0.00333367824668941,
        0.005044027940976371,
        0.004130361808885633,
        0.005253402762365214,
        0.0051226790045449085,
        0.003941703005603702,
        0.0026414497066424604,
        0.00453134144149519,
        0.006260024066957865,
        0.0047815135343015625
      ]
    },
    "code_to_query": {
      "overall": 0.005561124732701682,
      "per_layer": [
        0.012223945939208987,
        0.003287206812492716,
        0.004635758279568512,
        0.005313782888631775,
        0.005868834297820689,
        0.006187913378299628,
        0.005698167425609628,
        0.008346951547455067,
        0.0035303404117017737,
        0.0033659202856344763,
        0.00527224715350864,
        0.0030024283724882947
      ]
    },