{
  "microsoft/codebert-base (multilingual)": {
    "entropy": {
      "overall": 7.475914144939845,
      "per_layer": [
        8.256318788846333,
        7.843929102261861,
        6.51390249411265,
        7.215068096796671,
        7.681337636311849,
        7.872355796496076,
        7.906731844584147,
        7.400558420817057,
        7.23679090499878,
        7.209569583892821,
        7.457313886642456,
        7.117093183517457
      ]
    },
    "sparsity": {
      "overall": 0.9652212431165906,
      "per_layer": [
        0.9280054219563801,
        0.9460475056966146,
        0.9820678914388021,
        0.9711517232259115,
        0.9656455688476563,
        0.9631032409667967,
        0.9579154256184895,
        0.9687670288085938,
        0.9751989949544272,
        0.9762311197916667,
        0.970736796061198,
        0.977784200032552
      ]
    },
    "std": {
      "overall": 0.03317735139099467,
      "per_layer": [
        0.028750543902317682,
        0.03519046579922239,
        0.051287958227097995,
        0.04186500762651365,
        0.030151809499288595,
        0.027086069831624624,
        0.026705746497338017,
        0.03199344801281889,
        0.031390559197713934,
        0.03155964606131117,
        0.02959974397346377,
        0.03254721806322536
      ]
    },
    "max": {
      "overall": 0.7202009971154233,
      "per_layer": [
        0.6220652384112278,
        0.9531312817732495,
        0.9691232095559439,
        0.8902930104335148,
        0.7272389368414879,
        0.567073541422685,
        0.6155364785393079,
        0.7401910402973493,
        0.6808903120358786,
        0.7028272464076678,
        0.6373649223645529,
        0.5366767473022143
      ]
    },
    "query_to_code": {
      "overall": 0.0021588306967023434,
      "per_layer": [
        0.006068263626191405,
        0.002116330507858213,
        0.0015035216144945781,
        0.0026170254873771528,
        0.0023813737520249558,
        0.0025966708376557414,
        0.0029184055003715916,
        0.0018153892880920922,
        0.0006791832685824677,
        0.000498934695276451,
        0.0009690260333779102,
        0.0017418437491255644
      ]
    },
    "code_to_query": {
      "overall": 0.002554866462895759,
      "per_layer": [
        0.007075376491740712,
        0.002213675398276845,
        0.0021015857492990716,
        0.003029220169041461,
        0.003110466353934802,
        0.0033673127546984083,
        0.004116641080230087,
        0.0021677703429165075,
        0.0007293848791620499,
        0.0005050196524158915,
        0.0010419887508408769,
        0.0011999559321924003
      ]
    },
    "code_to_code": {
      "overall": 0.006509817687638941,
      "per_layer": [
        0.011568671164878955,
        0.007369506398293501,
        0.007433158824220299,
        0.007314900340279564,
        0.007764978905596459,
        0.00644535442853036,
        0.006661443376525615,
        0.0074175193610135455,
        0.004261137436590313,
        0.0037668559080921114,
        0.0031900524878922926,
        0.00492423361975428
      ]
    },
    "query_to_query": {
      "overall": 0.02105973942345928,
      "per_layer": [
        0.034572145848535,
        0.022993819602241273,
        0.025531146523232257,
        0.021989252553631863,
        0.024445108034415172,
        0.018615843056856343,
        0.020177693030486502,
        0.02977383943290139,
        0.020170736692962234,
        0.016097124239274608,
        0.00873375155334361,
        0.009616412513631076
      ]
    },
    "query_to_code_sparsity": {
      "overall": 0.9542411486100462,
      "per_layer": [
        0.8090349374296112,
        0.9682265299680314,
        0.9723040158597617,
        0.9497065788587515,
        0.9557155325977247,
        0.9500260213248316,
        0.9457679313796333,
        0.9669817146988465,
        0.9900914626178615,
        0.9922610375475962,
        0.9853597726768104,
        0.9654182483610927
      ]
    },
    "query_to_code_std": {
      "overall": 0.006417506280797229,
      "per_layer": [
        0.0075866940125128976,
        0.00883027267828307,
        0.005978043440574159,
        0.007456729463495626,
        0.006886088605397769,
        0.006580622975326453,
        0.009513117657663923,
        0.006702123042233628,
        0.0031654798313490266,
        0.0023790600035960476,
        0.0055824543357060365,
        0.006349389323428114
      ]
    },
    "query_to_code_max": {
      "overall": 0.11718252478503799,
      "per_layer": [
        0.10512153671893036,
        0.18756297261854082,
        0.12953803335347522,
        0.131629384269317,
        0.1215444477533456,
        0.10743185291625561,
        0.16175731028119722,
        0.11653932555549545,
        0.06809641529363582,
        0.049031316067635396,
        0.12468972416373436,
        0.10324797842889287
      ]
    },
    "query_to_code_entropy": {
      "overall": 5.215817816104947,
      "per_layer": [
        5.835296439667542,
        4.97768014869839,
        4.844254429697991,
        5.618453642924627,
        5.593511395573615,
        5.792233560403187,
        5.4431867663462965,
        4.738871455907822,
        5.005996161460876,
        4.928196394046148,
        4.735657320817312,
        5.076476077715555
      ]
    }
  },
  "codebert-python (python)": {
    "entropy": {
      "overall": 7.525332297033734,
      "per_layer": [
        8.25074662176768,
        7.859372961362202,
        6.577159587542216,
        7.07074659760793,
        7.638720559120178,
        7.836675680160521,
        7.738134674390156,
        7.4084286181131995,
        7.3877382574081425,
        7.529229827245076,
        7.779149031321208,
        7.227885148366293
      ]
    },
    "sparsity": {
      "overall": 0.961500877380371,
      "per_layer": [
        0.9285005594889325,
        0.945868896484375,
        0.9809161885579428,
        0.9731499735514322,
        0.9620631205240886,
        0.9603111368815105,
        0.96029047648112,
        0.9670061747233073,
        0.9692744344075521,
        0.964085978190104,
        0.9557047322591146,
        0.9708388570149741
      ]
    },
    "std": {
      "overall": 0.033595984067936006,
      "per_layer": [
        0.0288501655907991,
        0.03500684452988207,
        0.05046139829109112,
        0.0447138140425086,
        0.032360735676561794,
        0.028520955487464864,
        0.029192121215164662,
        0.03250171564519406,
        0.030924440288295347,
        0.030340482345471778,
        0.027788704589009287,
        0.03249043111378947
      ]
    },
    "max": {
      "overall": 0.7578559547559256,
      "per_layer": [
        0.622376491929094,
        0.9533168886899949,
        0.9665913996299108,
        0.9040374068419138,
        0.7726307314634324,
        0.6197457605799038,
        0.6667217147548993,
        0.7705160702168942,
        0.6739261351426443,
        0.7606801532506943,
        0.808666058897972,
        0.5750626456737518
      ]
    },
    "query_to_code": {
      "overall": 0.002851241250639321,
      "per_layer": [
        0.006035956460686683,
        0.0022995312428720866,
        0.0016911023319286563,
        0.002573661953341798,
        0.002229669326719886,
        0.002801541383038663,
        0.0033206010172216337,
        0.0022793169510538103,
        0.0016172753058538852,
        0.002727689193331268,
        0.00375290612483271,
        0.0028856437167907715
      ]
    },
    "code_to_query": {
      "overall": 0.0036105739912266903,