{
  "microsoft/codebert-base (python)": {
    "entropy": {
      "overall": 7.6968328343938905,
      "per_layer": [
        8.566516758071051,
        7.960833094914755,
        6.872812004619174,
        7.766151808102926,
        7.94478763156467,
        8.246244609091017,
        7.992464016278586,
        7.5556478150685615,
        7.357879406611123,
        7.3265549225277375,
        7.513151790301005,
        7.258950155576071
      ]
    },
    "sparsity": {
      "overall": 0.9605221656516746,
      "per_layer": [
        0.9302616543240018,
        0.9469831000434028,
        0.973666483561198,
        0.9571681043836806,
        0.9585951571994357,
        0.9521649509006077,
        0.9566763136121964,
        0.9636925252278646,
        0.9711006334092881,
        0.9721391296386718,
        0.969487779405382,
        0.9743301561143661
      ]
    },
    "std": {
      "overall": 0.030912093339117108,
      "per_layer": [
        0.025773717841236957,
        0.03444102182570431,
        0.04656174262571666,
        0.03453407395941516,
        0.027550869245703023,
        0.023740619111599193,
        0.026230594569610226,
        0.03062406258657575,
        0.03056570093664858,
        0.030660723658899467,
        0.02913571074604988,
        0.031126282962246076
      ]
    },
    "max": {
      "overall": 0.7188525445166009,
      "per_layer": [
        0.6157321111195617,
        0.9421888344155418,
        0.9576590928104189,
        0.8560149661037656,
        0.7361690159307587,
        0.5687942069106632,
        0.6326499061120882,
        0.7267299417820242,
        0.7091003826922839,
        0.7042521295282577,
        0.6184552762740189,
        0.5584846705198288
      ]
    },
    "query_to_code": {
      "overall": 0.0017518514008395558,
      "per_layer": [
        0.004790175020704939,
        0.0020510690236285396,
        0.0013866933728084202,
        0.002564668241053975,
        0.0019827697651069484,
        0.0020994416033984936,
        0.0020081178868713323,
        0.001138320184287396,
        0.0005834874882728198,
        0.00046440768756535053,
        0.0007500281688084618,
        0.001203038367567994
      ]
    },
    "code_to_query": {
      "overall": 0.0017320364003875317,
      "per_layer": [
        0.005936788877315722,
        0.0017007022043039437,
        0.0015294396801052948,
        0.002294547748089018,
        0.002201490761613564,
        0.002219882576981844,
        0.0018837146329395988,
        0.0010452368121180672,
        0.0004468158549207146,
        0.00032862845797757874,
        0.00047713724049269025,
        0.0007200519577923438
      ]
    },
    "code_to_code": {
      "overall": 0.005203942081445887,
      "per_layer": [
        0.008779113332534002,
        0.005905657679282336,
        0.005646185921246393,
        0.006047369168890226,
        0.006256271273725561,
        0.005662900529827716,
        0.005226573323468781,
        0.0058288790328272925,
        0.003843343139419125,
        0.00319222347105905,
        0.0025734576735542054,
        0.0034853304315159528
      ]
    },
    "query_to_query": {
      "overall": 0.021826844825038823,
      "per_layer": [
        0.035158889212956033,
        0.021185623496421613,
        0.02372103836775447,
        0.023994663957402938,
        0.025565158433746547,
        0.02074929907348835,
        0.021595942223858498,
        0.03252779233993756,
        0.020476370381268982,
        0.018683608942794513,
        0.007599431566842314,
        0.010664319903994005
      ]
    },
    "query_to_code_sparsity": {
      "overall": 0.9627542065344059,
      "per_layer": [
        0.8647989275533607,
        0.9598088895914988,
        0.9710238273062877,
        0.943548868688047,
        0.9585548219853449,
        0.9554887387157143,
        0.9628637923427301,
        0.9792102203601476,
        0.9916752620034672,
        0.9951890663594897,
        0.9912014970452274,
        0.9796865664615556
      ]
    },
    "query_to_code_std": {
      "overall": 0.0056077182542874,
      "per_layer": [
        0.006000820524396634,
        0.006976780097045572,
        0.005471886768357055,
        0.00708410028846831,
        0.0052547164036594865,
        0.005719131425786245,
        0.007200617984377054,
        0.0057790576302633985,
        0.0038246335250571267,
        0.0032747387258374745,
        0.004804602185370943,
        0.005901533492829508
      ]
    },
    "query_to_code_max": {
      "overall": 0.11086266699960838,
      "per_layer": [
        0.0884095100868904,
        0.1488580999748542,
        0.13226970260881193,
        0.13915595445212806,
        0.10193026733481221,
        0.10694314329988425,
        0.14830340682632392,
        0.12950199909120177,
        0.07553490562480873,
        0.05558895153226331,
        0.09229178989952845,
        0.11156427326379342
      ]
    },
    "query_to_code_entropy": {
      "overall": 5.250191944636129,
      "per_layer": [
        6.036676709784402,
        5.261700309183863,
        5.102965556912952,
        5.758514005343119,
        5.792173506418863,
        5.810466431776683,
        5.4582776051097435,
        4.528209981289175,
        4.640754588974848,
        4.799357436762916,
        4.871623770131005,
        4.941583433945974
      ]
    }
  },
  "codebert-python (python)": {
    "entropy": {
      "overall": 7.750065473538856,
      "per_layer": [
        8.563990512953865,
        8.002183876567416,
        6.955648485289679,
        7.649867454634773,
        7.923983624246386,
        8.207719933721753,
        7.9208609204822125,
        7.557880635261536,
        7.505429683261447,
        7.613767748408847,
        7.8301083342234294,
        7.26934447341495
      ]
    },
    "sparsity": {
      "overall": 0.9579907014634874,
      "per_layer": [
        0.9305304294162328,
        0.9457025146484375,
        0.9715995110405816,
        0.959760250515408,
        0.9567981974283852,
        0.9517253451877171,
        0.9583412509494358,
        0.9630873446994356,
        0.9661297268337674,
        0.9627920701768664,
        0.9566514248318141,
        0.9727703518337673
      ]
    },
    "std": {
      "overall": 0.030794080736900296,
      "per_layer": [
        0.025816315128467975,
        0.03394312453559702,
        0.045536652824117084,
        0.0370202810337974,
        0.02832413971010182,
        0.02442046371805999,
        0.0270694987455176,
        0.030502778728389076,
        0.029243966991909676,
        0.028863962032935685,
        0.027369771506637334,
        0.03141801388727295
      ]
    },
    "max": {
      "overall": 0.7517857888292658,
      "per_layer": [
        0.6147894177585839,
        0.9397909806172052,
        0.9536653678947026,
        0.8510068657663132,
        0.7634226756956842,
        0.5917834885252846,
        0.6496332546406322,
        0.7516679084632131,
        0.6912896538111898,
        0.7675575500064423,
        0.787338518831465,
        0.6594837839404741
      ]
    },
    "query_to_code": {
      "overall": 0.0019042506089213941,
      "per_layer": [
        0.004769909060760098,
        0.0021295262770613097,
        0.0016398504477274402,
        0.002518696197884209,
        0.0018614098595733392,
        0.0023968526301420445,
        0.00207569168248382,
        0.0013673249355827645,
        0.0005839129838649468,
        0.0008207044474127341,
        0.0015825526580414992,
        0.0011045761265225291
      ]
    },
    "code_to_query": {
      "overall": 0.0021889994556939826,