{
  "microsoft/codebert-base (python)": {
    "entropy": {
      "overall": 7.2434207982625125,
      "per_layer": [
        7.6295195263293065,
        7.531612269994287,
        6.245052132755519,
        7.132729585799907,
        7.360303127931222,
        7.702107230408323,
        7.62256898979346,
        7.164175445420875,
        7.15076182078984,
        7.086981372286876,
        7.356219068169595,
        6.93901900947094
      ]
    },
    "sparsity": {
      "overall": 0.9660938249693976,
      "per_layer": [
        0.931836525599162,
        0.9446266889572144,
        0.9829604890611437,
        0.9663714435365464,
        0.9708783494101629,
        0.9588630596796671,
        0.9602617820103964,
        0.972238990995619,
        0.9760437938902115,
        0.9770026604334513,
        0.9700195259518094,
        0.982022590107388
      ]
    },
    "std": {
      "overall": 0.034357140873705956,
      "per_layer": [
        0.03377196518865983,
        0.035987128844782196,
        0.0542322400756853,
        0.04049053386228883,
        0.03207879631210946,
        0.027202310177219465,
        0.027873600461235683,
        0.03351911735242336,
        0.03152961910139614,
        0.032458432324347086,
        0.029563363984278918,
        0.03357858280004519
      ]
    },
    "max": {
      "overall": 0.6938586409162747,
      "per_layer": [
        0.6708880624242334,
        0.9574563982379104,
        0.9619557686770955,
        0.8749063748659359,
        0.7151131964185171,
        0.5186338288606042,
        0.5863442161482655,
        0.7145768571903721,
        0.6350092217584865,
        0.622755081884356,
        0.5453739480581133,
        0.5232907364714063
      ]
    },
    "query_to_code": {
      "overall": 0.004702172827714374,
      "per_layer": [
        0.012657630333075431,
        0.004676416158946949,
        0.003530715204626568,
        0.006666467704614358,
        0.005750893954314051,
        0.0058701711852285786,
        0.0064314666060706965,
        0.0029206571772461367,
        0.0008752917765930432,
        0.0008812945255493155,
        0.0022895104500422446,
        0.003875558856265116
      ]
    },
    "code_to_query": {
      "overall": 0.004161862419679305,
      "per_layer": [
        0.01301977773870866,
        0.0038918315231516783,
        0.004150553743787416,
        0.00467589881830261,
        0.005271575894009099,
        0.0051649269487370475,
        0.005898379972652239,
        0.002711225292454008,
        0.0007485691709803177,
        0.0007056441190387532,
        0.0017962619687668599,
        0.001907703845562973
      ]
    },
    "code_to_code": {
      "overall": 0.01565622465019424,
      "per_layer": [
        0.026286638357204437,
        0.01642628861817583,
        0.017640975354879632,
        0.01725165878370818,
        0.01980970693572696,
        0.015535211942632384,
        0.01480574002723895,
        0.019892490588164138,
        0.012714208173469563,
        0.009966443697117534,
        0.007210842910985271,
        0.010334490413028004
      ]
    },
    "query_to_query": {
      "overall": 0.020853375576475222,
      "per_layer": [
        0.036962593505450066,
        0.021704613431110274,
        0.024306311731076374,
        0.022932627142533118,
        0.024689282556311,
        0.01959658808906776,
        0.021295540967205148,
        0.029302196956349585,
        0.018480931842784935,
        0.01387605225611171,
        0.007796977500397082,
        0.009296790939305626
      ]
    },
    "query_to_code_sparsity": {
      "overall": 0.8906011807848865,
      "per_layer": [
        0.5751458289404968,
        0.9114428474194107,
        0.9263343975505816,
        0.853473810356029,
        0.8718756256142383,
        0.857031786739718,
        0.8800775705257267,
        0.946286291955655,
        0.9841429996663692,
        0.9861946529313191,
        0.9624406361893197,
        0.932767721529775
      ]
    },
    "query_to_code_std": {
      "overall": 0.011574770164209212,
      "per_layer": [
        0.013576139395828343,
        0.014312636842512142,
        0.010460566317040806,
        0.017133249686745938,
        0.014146367065475512,
        0.012467838250561018,
        0.017649338221367036,
        0.010058105300181806,
        0.0030219211148379247,
        0.004139454958539721,
        0.010316620830154635,
        0.011615003987265659
      ]
    },
    "query_to_code_max": {
      "overall": 0.13906281038215887,
      "per_layer": [
        0.13390054552497016,
        0.1811504975842947,
        0.1353528726045473,
        0.19368717546482614,
        0.16672945398750016,
        0.13729106794400855,
        0.1927304902936966,
        0.13766188308796423,
        0.04214736112311988,
        0.06073291097436595,
        0.15334620042429176,
        0.13402326557232097
      ]
    },
    "query_to_code_entropy": {
      "overall": 4.453195643027289,
      "per_layer": [
        5.082485757328363,
        4.334697162008119,
        4.1373727374399705,
        4.766262425834106,
        4.840554140715136,
        5.000471495712797,
        4.715309595896138,
        3.9055343013703054,
        4.24299319057415,
        4.069833453278989,
        4.069868636524512,
        4.272964819644888
      ]
    }
  },
  "codebert-python (python)": {
    "entropy": {
      "overall": 7.250517506531819,
      "per_layer": [
        7.619281815157994,
        7.566008244951566,
        6.2735210955142975,
        6.899068766997921,
        7.317870250178708,
        7.573593104879063,
        7.4450717787775735,
        7.260702864163452,
        7.304307031548685,
        7.324765991833476,
        7.494205596132411,
        6.927813538246684
      ]
    },
    "sparsity": {
      "overall": 0.9645248894338255,
      "per_layer": [
        0.9325893984900581,
        0.9435012737909951,
        0.9822542137569852,
        0.9703036016888089,
        0.9680589967303806,
        0.9619507922066582,
        0.9659212430318197,
        0.9684388240178426,
        0.97023958630032,
        0.9679893917507595,
        0.9624948369132148,
        0.9805565145280627
      ]
    },
    "std": {
      "overall": 0.03474530779439428,
      "per_layer": [
        0.0339711227012837,
        0.0354957594374557,
        0.053750035222037695,
        0.045171511613362886,
        0.03366414117368145,
        0.028969204107448198,
        0.030051675106127124,
        0.032186561889830045,
        0.03012769039277272,
        0.030809717362798333,
        0.028835437664788008,
        0.03391083686114548
      ]
    },
    "max": {
      "overall": 0.7282683745962223,
      "per_layer": [
        0.6714595571005096,
        0.954976561996672,
        0.9627444668052098,
        0.8806858257804481,
        0.7458123190380218,
        0.5558320860533664,
        0.6033200781223261,
        0.7436034731152984,
        0.6131090112547907,
        0.6786573868141407,
        0.7378789552539172,
        0.5911407738199664
      ]
    },
    "query_to_code": {
      "overall": 0.005213494352208626,
      "per_layer": [
        0.012581568128165993,
        0.005108190935575114,
        0.004210881416689066,
        0.00649069412166783,
        0.005513488208773905,
        0.0062412527048536495,
        0.005635354185623478,
        0.0033758426576041313,
        0.0015395843877412418,
        0.002687284031607204,
        0.005591801122362325,
        0.0035859903258395795
      ]
    },
    "code_to_query": {
      "overall": 0.005315841437998702,
      "per_layer": [
        0.01302924305446086,
        0.004246768358228953,
        0.004817851346173382,
        0.005194624234516393,
        0.005619501193475825,
        0.006274186739826999,
        0.0054881380914808785,
        0.005983966643628966,
        0.0019556511991064935,
        0.002346463436948751,
        0.00548893015219518,
        0.003344772805941747
      ]
    },