{
  "microsoft/codebert-base (python)": {
    "entropy": {
      "overall": 7.232625300409616,
      "per_layer": [
        7.582069472306305,
        7.506993367440171,
        6.183066477378211,
        6.986150438586869,
        7.368581690722042,
        7.677523094332881,
        7.685220366136895,
        7.193676090902752,
        7.184562211235364,
        7.0979284511672125,
        7.351808805018663,
        6.973923139688041
      ]
    },
    "sparsity": {
      "overall": 0.966547389825185,
      "per_layer": [
        0.9358470704820419,
        0.944760971599155,
        0.9847069183985391,
        0.9724384016460843,
        0.9696532885233563,
        0.9585129419962567,
        0.956711212793986,
        0.9719676176706952,
        0.9748635556962756,
        0.9774927298227944,
        0.9704953961902194,
        0.9811185730828179
      ]
    },
    "std": {
      "overall": 0.03433969250036844,
      "per_layer": [
        0.03400209943881944,
        0.0360234346428317,
        0.05490504680427774,
        0.04206246144571601,
        0.031713827490522005,
        0.02733270826219167,
        0.026907228072458465,
        0.03307824122506039,
        0.031173622720719624,
        0.03201913363429614,
        0.029508584526613247,
        0.033349921740914897
      ]
    },
    "max": {
      "overall": 0.6898166980325996,
      "per_layer": [
        0.6808630790910684,
        0.9579457764824232,
        0.9664065907191901,
        0.8810688358110687,
        0.6993350957572045,
        0.5246777732908312,
        0.5810038305094672,
        0.6886459158009126,
        0.6160267228519337,
        0.6120774969199879,
        0.5267485708722638,
        0.5430006882848425
      ]
    },
    "query_to_code": {
      "overall": 0.004706534989943643,
      "per_layer": [
        0.013097506887487528,
        0.003930265607050263,
        0.0031950399515770934,
        0.005982561843224075,
        0.0052729784449575675,
        0.0067057206214131936,
        0.0069381141676229975,
        0.0036876550562453168,
        0.0012521692173884781,
        0.0009053938792867989,
        0.001765992741823652,
        0.0037450214612467416
      ]
    },
    "code_to_query": {
      "overall": 0.004906070649788933,
      "per_layer": [
        0.01474552214423186,
        0.004059337116739884,
        0.004782384413759801,
        0.005538569176527138,
        0.006709243486638015,
        0.006878830471173893,
        0.006513857168101821,
        0.0040846947950162376,
        0.0013452195367259872,
        0.0009736619144291581,
        0.0015505220489697219,
        0.0016910055251536783
      ]
    },
    "code_to_code": {
      "overall": 0.015346469256203983,
      "per_layer": [
        0.02624272509840213,
        0.015211058723151738,
        0.016899136138211663,
        0.017103233710359846,
        0.017974665106521574,
        0.015660889621156252,
        0.015981699397040455,
        0.018518821578860905,
        0.013018240776470217,
        0.009488807362585148,
        0.006506697067114449,
        0.011551656494573433
      ]
    },
    "query_to_query": {
      "overall": 0.02559967496484619,
      "per_layer": [
        0.046296371645843874,
        0.02729732544144604,
        0.02916117933515731,
        0.0258778988079737,
        0.029393269402135047,
        0.023533376833155567,
        0.02581243878416394,
        0.035592866310859485,
        0.021958871579045077,
        0.019434388948866396,
        0.009892494622464356,
        0.012945617867043464
      ]
    },
    "query_to_code_sparsity": {
      "overall": 0.890128401304469,
      "per_layer": [
        0.5634822044733523,
        0.9236654989105192,
        0.9313193472696155,
        0.8627416033923353,
        0.8864344868572109,
        0.8373236082223904,
        0.8714217732535228,
        0.9335549147551054,
        0.9806156982877017,
        0.9857880673543429,
        0.9703826911233467,
        0.9348109217541843
      ]
    },
    "query_to_code_std": {
      "overall": 0.011111932595892998,
      "per_layer": [
        0.014236863531547907,
        0.013376415485378141,
        0.00966155387993063,
        0.014638356233515675,
        0.011942765762038713,
        0.013147346088519246,
        0.019497199094277877,
        0.011316504319318533,
        0.0043921488311803435,
        0.003052318546098023,
        0.006827438363207723,
        0.011254281015703147
      ]
    },
    "query_to_code_max": {
      "overall": 0.12302146596611159,
      "per_layer": [
        0.13473374616605663,
        0.16730932867591963,
        0.12189980997522475,
        0.15953659914177684,
        0.12572673273785365,
        0.12745048147472618,
        0.20878428429407195,
        0.13127828274577444,
        0.05519685736069529,
        0.039330822986408345,
        0.08470895157612783,
        0.12030169445870341
      ]
    },
    "query_to_code_entropy": {
      "overall": 4.216614265505255,
      "per_layer": [
        4.7479571394893965,
        3.9714019811945036,
        3.7573855787308674,
        4.457631415894461,
        4.544086058210167,
        4.701007863092754,
        4.308395200719436,
        3.853369015993343,
        4.109470286510057,
        4.1576242485187125,
        3.99627075302932,
        3.994771644680036
      ]
    }
  },
  "codebert-python (python)": {
    "entropy": {
      "overall": 7.245421524849479,
      "per_layer": [
        7.57190793628494,
        7.534915333406793,
        6.224280970378055,
        6.806289186908139,
        7.344365366217164,
        7.504186358716754,
        7.52601018961933,
        7.217652946296666,
        7.35151932388544,
        7.3179777156975545,
        7.522748024099403,
        7.023204946683514
      ]
    },
    "sparsity": {
      "overall": 0.9649343567865865,
      "per_layer": [
        0.936362067858378,
        0.9437796804640027,
        0.9831651714113024,
        0.974676940176222,
        0.9674876663419937,
        0.9643829133775498,
        0.9617571698294746,
        0.9703151517444187,
        0.9686345524258083,
        0.9690801302591959,
        0.9612234963311089,
        0.978347341219584
      ]
    },
    "std": {
      "overall": 0.0344340233242393,
      "per_layer": [
        0.0341975046042838,
        0.03571771367246079,
        0.054356536199015364,
        0.045843756715637736,
        0.03223686168267805,
        0.02913609995610184,
        0.028585778738488443,
        0.03232818894482787,
        0.02934194715797073,
        0.030538697912965693,
        0.028260667606243964,
        0.032664526700197406
      ]
    },
    "max": {
      "overall": 0.7233239182409038,
      "per_layer": [
        0.6819299385598342,
        0.9556504262921711,
        0.9677736472027999,
        0.8860783379835387,
        0.7143420599556217,
        0.5475563390128729,
        0.5834369355967889,
        0.7080586478114128,
        0.6056303909022568,
        0.6646040911372336,
        0.7543186148783813,
        0.6105075895579325
      ]
    },
    "query_to_code": {
      "overall": 0.005544582524491134,
      "per_layer": [
        0.012996392627317456,
        0.004353381412789774,
        0.0038311187065881804,
        0.006001625561440151,
        0.00502893604549273,
        0.007098735302924473,
        0.006633976389581323,
        0.00457561264239528,
        0.002546038017953833,
        0.0037873673344803495,
        0.004609022902971876,
        0.005072783349958174
      ]
    },
    "code_to_query": {
      "overall": 0.00617874598168466,
      "per_layer": [
        0.014771366350237273,
        0.004320282928606234,
        0.0055750855989660725,
        0.00603381290602556,
        0.006882693725679523,
        0.007917474917071054,
        0.005950799453520024,
        0.009543589293395863,
        0.003641849715828964,
        0.0029371752519106544,
        0.004338949847086345,
        0.002231871791888354
      ]
    },