{
  "microsoft/codebert-base (multilingual)": {
    "entropy": {
      "overall": 7.496547362630502,
      "per_layer": [
        8.199427385669932,
        7.789319036874456,
        6.573940443931948,
        7.401832812615023,
        7.731149482059721,
        8.009728213909623,
        7.8845831252843075,
        7.486976997846258,
        7.242178788925248,
        7.144345032046466,
        7.376599913638358,
        7.118487118764687
      ]
    },
    "sparsity": {
      "overall": 0.9641544141437767,
      "per_layer": [
        0.9290750518099954,
        0.947227186829079,
        0.9799338964408896,
        0.9670968577455321,
        0.9638096273097069,
        0.9581008794653507,
        0.9587539983463046,
        0.9650213712347675,
        0.9736997201545852,
        0.9766614103438593,
        0.9727014148508321,
        0.977771555194418
      ]
    },
    "std": {
      "overall": 0.03300245249953424,
      "per_layer": [
        0.02918975335162526,
        0.03571685343393084,
        0.05054192941958136,
        0.03932524393087504,
        0.02967565624237667,
        0.025815403405292574,
        0.027043782438225,
        0.03134153399239686,
        0.03165307458911954,
        0.03256148586770088,
        0.030432809742627326,
        0.0327319035806596
      ]
    },
    "max": {
      "overall": 0.7290266232388891,
      "per_layer": [
        0.6359536323374085,
        0.9499904863327817,
        0.9613768040527219,
        0.8783780021294382,
        0.7174611612585665,
        0.555237819087566,
        0.6498553166331832,
        0.7558627830813555,
        0.7045708065686638,
        0.7262033874751957,
        0.6401421844238847,
        0.5732870954859045
      ]
    },
    "query_to_code": {
      "overall": 0.0026206580288233397,
      "per_layer": [
        0.006439733813309586,
        0.0025318380651832184,
        0.0020664737236646487,
        0.0034092293270438813,
        0.003064634357961549,
        0.003349947428992687,
        0.0036002125365272052,
        0.002038959061238152,
        0.000861031995477568,
        0.0006827876339197589,
        0.0012695312572034063,
        0.002133517145358422
      ]
    },
    "code_to_query": {
      "overall": 0.0026766749750279663,
      "per_layer": [
        0.007531949429256678,
        0.00249620564677968,
        0.002542730350132588,
        0.0032752104464243512,
        0.0033384837831615505,
        0.0033175602434416308,
        0.0036159189977290553,
        0.0019113411585280785,
        0.0007356717049995256,
        0.0006151174074247515,
        0.0011709021694939039,
        0.0015690083629638033
      ]
    },
    "code_to_code": {
      "overall": 0.006872199419725234,
      "per_layer": [
        0.012182372143644954,
        0.007614406670041444,
        0.0075231912160326625,
        0.007596982579320462,
        0.008158749938970929,
        0.006859578826075477,
        0.007395523845848483,
        0.008102270781726673,
        0.004726228274159286,
        0.003976459413260765,
        0.0032265742090686945,
        0.005104055138552989
      ]
    },
    "query_to_query": {
      "overall": 0.02167579232188131,
      "per_layer": [
        0.0347350104768232,
        0.0231654587162969,
        0.025857011630447495,
        0.023808309029605308,
        0.02511756865926201,
        0.019730987067425588,
        0.019862763414517256,
        0.029415404592621736,
        0.020919832660690422,
        0.017103003286510713,
        0.00930707717160549,
        0.011087081156769615
      ]
    },
    "query_to_code_sparsity": {
      "overall": 0.9439356194175038,
      "per_layer": [
        0.7927957446519444,
        0.9587049691713266,
        0.9581638819293642,
        0.9331737930971373,
        0.9408058913044512,
        0.9283736345569588,
        0.9350819862795614,
        0.9638816710577406,
        0.9858928550046676,
        0.9885879459954855,
        0.9798352983953501,
        0.961929761566057
      ]
    },
    "query_to_code_std": {
      "overall": 0.008673116890172507,
      "per_layer": [
        0.008503507092882827,
        0.009203995412613802,
        0.008125496463081331,
        0.010761948725689705,
        0.010690642798771346,
        0.00815890853137131,
        0.013662710957489518,
        0.008865161923646761,
        0.004779528015557633,
        0.0040122305329396,
        0.00769237664923009,
        0.009620895578796161
      ]
    },
    "query_to_code_max": {
      "overall": 0.15800482342458216,
      "per_layer": [
        0.11579724482623265,
        0.1689888694511128,
        0.16744199415189556,
        0.18733050893345235,
        0.1915106837730736,
        0.12447440077973715,
        0.2399554977104016,
        0.16606815097762156,
        0.10359708137601988,
        0.08589126401423576,
        0.16728980694484982,
        0.17771237815635335
      ]
    },
    "query_to_code_entropy": {
      "overall": 5.018750597720854,
      "per_layer": [
        5.756068036832276,
        5.003630469911009,
        4.676313665076976,
        5.459634668651126,
        5.371173738182047,
        5.70452676156095,
        5.225283402826343,
        4.534353824687823,
        4.658715619916528,
        4.5506995480327515,
        4.459584227196739,
        4.825023209775677
      ]
    }
  }
}