{
  "microsoft/codebert-base (python)": {
    "entropy": {
      "overall": 7.3558809615809615,
      "per_layer": [
        7.911811178343164,
        7.68475838460856,
        6.389419461703962,
        7.2431904992295655,
        7.5241038613021365,
        7.8395442080994435,
        7.669862003376086,
        7.271677803662087,
        7.216557723366551,
        7.147768775208128,
        7.3366280127730645,
        7.0352496272987795
      ]
    },
    "sparsity": {
      "overall": 0.9652187570377633,
      "per_layer": [
        0.9306900236341688,
        0.9446106221940783,
        0.9813259707556831,
        0.9661944309870402,
        0.9678708447350396,
        0.9585183593961929,
        0.961729884147644,
        0.9704246520996094,
        0.9742364088694254,
        0.9760345882839627,
        0.9715991550021702,
        0.9793901443481445
      ]
    },
    "std": {
      "overall": 0.03352588171404663,
      "per_layer": [
        0.03135496234810691,
        0.035495728828310445,
        0.052608177820932016,
        0.039286630558813665,
        0.030641224594243493,
        0.02643835439489016,
        0.02798429309526303,
        0.032673370427801274,
        0.031147436584837526,
        0.03184203746301743,
        0.030007737942570296,
        0.03283062650977323
      ]
    },
    "max": {
      "overall": 0.6925085217802983,
      "per_layer": [
        0.6540500348136346,
        0.9511080101753274,
        0.9597719868955513,
        0.86596579125358,
        0.7053030830445802,
        0.5158770798912479,
        0.5698876239411118,
        0.718043189185361,
        0.6567757650433729,
        0.6376052347477525,
        0.5557022280344326,
        0.5200122343376279
      ]
    },
    "query_to_code": {
      "overall": 0.0037307111373095694,
      "per_layer": [
        0.010805247137386594,
        0.0035866508807414414,
        0.0028001633439250404,
        0.005278838629932479,
        0.004674431081070906,
        0.0049986285208281815,
        0.004492570928240032,
        0.0024849719154614253,
        0.000915624453849912,
        0.0007384265653500835,
        0.0014038193985525837,
        0.002589160792376156
      ]
    },
    "code_to_query": {
      "overall": 0.0035353656796064093,
      "per_layer": [
        0.011173850429128477,
        0.0030964753248754646,
        0.003359392440106351,
        0.004425681238305717,
        0.005193069318901659,
        0.0047175871003067495,
        0.004178701535427838,
        0.0026131367960936635,
        0.0008673826475416035,
        0.0006255439435373471,
        0.0009861917168660424,
        0.001187375664186005
      ]
    },
    "code_to_code": {
      "overall": 0.013124823676644188,
      "per_layer": [
        0.021940030286512213,
        0.01340198502051256,
        0.014481827349098038,
        0.014502269349880711,
        0.01625818146001418,
        0.013159058286974968,
        0.012884984799105345,
        0.015719365152310476,
        0.011270103767098286,
        0.008171469700502915,
        0.006327289078891833,
        0.009381319868828718
      ]
    },
    "query_to_query": {
      "overall": 0.023481749912627314,
      "per_layer": [
        0.04045195976666744,
        0.02269768044526346,
        0.024989960827345684,
        0.024554243403245992,
        0.027451402210519723,
        0.02212402353587903,
        0.023678532207163195,
        0.03512213712747326,
        0.021410559851473308,
        0.01905373375757335,
        0.008823093426245678,
        0.01142367239267767
      ]
    },
    "query_to_code_sparsity": {
      "overall": 0.913102116970999,
      "per_layer": [
        0.6650667760959906,
        0.9251940110396532,
        0.9419108531839204,
        0.8873012291585828,
        0.8943447172097749,
        0.879413249554887,
        0.9096514822464424,
        0.9532626763221952,
        0.9844922877310065,
        0.9884243601781955,
        0.9755886726900856,
        0.9525750882412533
      ]
    },
    "query_to_code_std": {
      "overall": 0.008783280126981525,
      "per_layer": [
        0.01096048671639179,
        0.010721790115425784,
        0.008456137592077084,
        0.013788860276539102,
        0.010364921818639536,
        0.00962740685448201,
        0.011706460311112702,
        0.009346826209969333,
        0.0038065469005251385,
        0.0035658260760556004,
        0.0053738410239121655,
        0.0076802576286480765
      ]
    },
    "query_to_code_max": {
      "overall": 0.11538391695745707,
      "per_layer": [
        0.11137780141667976,
        0.1532473504567778,
        0.12177124808825589,
        0.18261645656922257,
        0.12929870090293763,
        0.11061771139308502,
        0.14306067629675254,
        0.15025425471968548,
        0.058638042532897505,
        0.05528316036199815,
        0.07549970503431623,
        0.09294189571687639
      ]
    },
    "query_to_code_entropy": {
      "overall": 4.539255895530746,
      "per_layer": [
        5.257538110379957,
        4.4518312211536495,
        4.323690284328121,
        4.823909194208682,
        5.001484572990901,
        5.172857280820608,
        4.800152387159566,
        3.7828142002254026,
        4.122609321648876,
        4.056409853407079,
        4.309637902408011,
        4.368136417638097
      ]
    }
  },
  "codebert-python (python)": {
    "entropy": {
      "overall": 7.379409308027888,
      "per_layer": [
        7.904899593856599,
        7.718760990848143,
        6.451562701414029,
        7.106591955241231,
        7.50747324898839,
        7.763971651593843,
        7.561136479179066,
        7.316251538693905,
        7.317888178345231,
        7.358005555139646,
        7.544119387037224,
        7.002250415997373
      ]
    },
    "sparsity": {
      "overall": 0.9633284972773658,
      "per_layer": [
        0.9310720231797962,
        0.943311678038703,
        0.9799035390218097,
        0.9683983988232082,
        0.9665716621610855,
        0.9596620003382365,
        0.9635631243387858,
        0.9678997861014472,
        0.9701656103134155,
        0.9682572152879504,
        0.9620071119732326,
        0.9791298177507187
      ]
    },
    "std": {
      "overall": 0.033473616184824945,
      "per_layer": [
        0.03149006141312485,
        0.03503114005919391,
        0.0517760981666571,
        0.042221587143204585,
        0.030805595177096416,
        0.027286092374803655,
        0.029205548869665813,
        0.03186797388156668,
        0.03010199224485809,
        0.030332947681826122,
        0.028319054625980142,
        0.03324530257992188
      ]
    },
    "max": {
      "overall": 0.7253720096109815,
      "per_layer": [
        0.6541805782148408,
        0.9497013919365904,
        0.9586287776732608,
        0.8662444497458637,
        0.7233758774689503,
        0.5397778141777964,
        0.5886196543514314,
        0.7314897714855356,
        0.6349244360398086,
        0.689098480804306,
        0.7552093004083468,
        0.6132135830250466
      ]
    },
    "query_to_code": {
      "overall": 0.003980467933435343,
      "per_layer": [
        0.01072285189133425,
        0.0039319023020942005,
        0.003344269554235366,
        0.005240463432705333,
        0.004401463318446177,
        0.00569106834081544,
        0.00401728904477573,
        0.0028136856254713394,
        0.0011278152151261464,
        0.0015874325052101946,
        0.0028596462475923724,
        0.0020277277234175763
      ]
    },
    "code_to_query": {
      "overall": 0.004310062337655321,