{
  "microsoft/codebert-base (python)": {
    "entropy": {
      "overall": 7.165183137515904,
      "per_layer": [
        7.528193973004819,
        7.358378221177393,
        6.197624023175901,
        6.901062457925744,
        7.284176327702071,
        7.541977971378301,
        7.56063871913486,
        7.127098393936952,
        7.164904204093748,
        7.074408454613554,
        7.350762356072664,
        6.892972547974851
      ]
    },
    "sparsity": {
      "overall": 0.9685157791331962,
      "per_layer": [
        0.9369873470730252,
        0.9501426484849717,
        0.9839573833677503,
        0.974506113264296,
        0.9723667171266343,
        0.9637176460689968,
        0.9608755244149102,
        0.9742617077297634,
        0.9746681584252251,
        0.9778328074349298,
        0.9697280195024279,
        0.9831452767054238
      ]
    },
    "std": {
      "overall": 0.03504281516887676,
      "per_layer": [
        0.03472654511400227,
        0.038223263411459305,
        0.05463075505071579,
        0.04317033278574753,
        0.03242766999594298,
        0.028541507098351657,
        0.028279143359719053,
        0.03346810282932387,
        0.03144461014016998,
        0.032165086965606965,
        0.02941420724932363,
        0.03402255802615805
      ]
    },
    "max": {
      "overall": 0.686803883996887,
      "per_layer": [
        0.6818597276513984,
        0.9606979691630434,
        0.9656940926797688,
        0.8803675176265338,
        0.6954727793215878,
        0.5249036616749233,
        0.5559798617226382,
        0.6926996736114638,
        0.6080709240502781,
        0.5853218728055557,
        0.5546015122025791,
        0.5359770154528734
      ]
    },
    "query_to_code": {
      "overall": 0.004774965318395194,
      "per_layer": [
        0.01420111101346698,
        0.0034571379530616685,
        0.00346998841727755,
        0.0061946968500908245,
        0.00578158069091867,
        0.006013734681295724,
        0.005969706768913358,
        0.003886724866934878,
        0.0018428899809634911,
        0.0012175254769001894,
        0.0018639121500727796,
        0.003400574970846214
      ]
    },
    "code_to_query": {
      "overall": 0.004570604732683993,
      "per_layer": [
        0.014518319439457519,
        0.0036912717386995007,
        0.004290591673408371,
        0.004893743609045487,
        0.005888878908782165,
        0.006128185320398592,
        0.005442321399186768,
        0.0038932778449797135,
        0.0019306819350819952,
        0.0011570674680569935,
        0.0013291847074946694,
        0.0016837327476161414
      ]
    },
    "code_to_code": {
      "overall": 0.018050596669093696,
      "per_layer": [
        0.03151770627664518,
        0.017586388458665978,
        0.021194265686568136,
        0.020216590815430712,
        0.022164827060502528,
        0.01764799584957978,
        0.016873300562009617,
        0.0212644916284464,
        0.015788817692080355,
        0.011444694854971104,
        0.00814095867319035,
        0.012767122471034198
      ]
    },
    "query_to_query": {
      "overall": 0.025996324480634787,
      "per_layer": [
        0.0480589690430659,
        0.025565886565295334,
        0.030454211888556734,
        0.026189200255935755,
        0.03008226127945414,
        0.022977954635482297,
        0.02516920293459811,
        0.036948242683946676,
        0.024959502689853252,
        0.019063839617956546,
        0.009751145118065728,
        0.012735477055406995
      ]
    },
    "query_to_code_sparsity": {
      "overall": 0.8857580463525174,
      "per_layer": [
        0.5363520899940715,
        0.9236678866153131,
        0.9225282902719439,
        0.8535125934583219,
        0.8705168672965741,
        0.8563702350303942,
        0.8825774390959876,
        0.9288034387383702,
        0.9656029861709358,
        0.9769899934128544,
        0.9684402151714502,
        0.9437345209739929
      ]
    },
    "query_to_code_std": {
      "overall": 0.010529326421411517,
      "per_layer": [
        0.012225284672866198,
        0.009137436956264382,
        0.009929370398946306,
        0.013546756822102502,
        0.012600608787756248,
        0.012634430036036468,
        0.016596234121708325,
        0.012614123450872069,
        0.0057701354350380525,
        0.0041514152652174134,
        0.007239037673097452,
        0.0099070834370328
      ]
    },
    "query_to_code_max": {
      "overall": 0.11160785831829041,
      "per_layer": [
        0.10624052838796494,
        0.1113770467886148,
        0.11783985241124618,
        0.1429054621599385,
        0.12726369751984143,
        0.12356042174198795,
        0.17648299434303125,
        0.13996681541852415,
        0.0625388690517765,
        0.04787251356538036,
        0.08688966119891321,
        0.09635643723226572
      ]
    },
    "query_to_code_entropy": {
      "overall": 4.109881606736828,
      "per_layer": [
        4.732297068927438,
        4.010923289929147,
        3.7112895819720713,
        4.4211029893097775,
        4.471391730372691,
        4.506452180134754,
        4.210196462666823,
        3.6509466026780295,
        4.033367110881954,
        3.9252169977666607,
        3.828682578996652,
        3.8167126872059374
      ]
    }
  },
  "codebert-python (python)": {
    "entropy": {
      "overall": 7.180281503195012,
      "per_layer": [
        7.517301700181431,
        7.385477915820148,
        6.226471025910642,
        6.728694622301393,
        7.259865425113175,
        7.406869668927457,
        7.412642865959142,
        7.146409957359235,
        7.331016613377464,
        7.30716320623954,
        7.493331453866429,
        6.948133583284086
      ]
    },
    "sparsity": {
      "overall": 0.9669401347637177,
      "per_layer": [
        0.9376210901472303,
        0.948925601111518,
        0.9828714132308959,
        0.9763716326819525,
        0.9703806903627185,
        0.9670330550935532,
        0.9653786685731675,
        0.9738304747475519,
        0.9689662721421982,
        0.9691106081008911,
        0.9623931116527981,
        0.9803989993201362
      ]
    },
    "std": {
      "overall": 0.035087631142266255,
      "per_layer": [
        0.03493615607658285,
        0.03786959842950132,
        0.05420937422281389,
        0.04677753857524496,
        0.033191344079871975,
        0.03011387242845053,
        0.02992825131352422,
        0.032803519494741015,
        0.02939612732734531,
        0.030170369697670035,
        0.02825587754260697,
        0.033399544518841945
      ]
    },
    "max": {
      "overall": 0.7168609353404328,
      "per_layer": [
        0.6830303569182029,
        0.9587809228752224,
        0.9675347994909519,
        0.8882148874820106,
        0.7214126468946537,
        0.550155162707799,
        0.5778655799933606,
        0.7076195679449787,
        0.5968116820375953,
        0.6300939538567845,
        0.7159838237954924,
        0.6048278400881423
      ]
    },
    "query_to_code": {
      "overall": 0.005244686060346348,
      "per_layer": [
        0.014081818957489533,
        0.0039079980373395995,
        0.0040831990314982546,
        0.006279683251818824,
        0.005383394003246167,
        0.006440683386712307,
        0.004988725681048183,
        0.0042504918271397685,
        0.0027069776201705683,
        0.0027610470463217654,
        0.0045326650116521705,
        0.0035195488697190333
      ]
    },
    "code_to_query": {
      "overall": 0.00553403738423916,
      "per_layer": [
        0.014555315836444045,
        0.003994097361534916,
        0.0049859973567549795,
        0.005457782673526405,
        0.0060032943428262155,
        0.006506451036683655,
        0.004777395155138544,
        0.007349388346439253,
        0.0037456674485585803,
        0.0028879678971836455,
        0.0036318468474405563,
        0.0025132443083391268
      ]
    },