{
  "microsoft/codebert-base (python)": {
    "entropy": {
      "overall": 7.142660323495942,
      "per_layer": [
        7.351703162408537,
        7.358244647582372,
        6.082336482488446,
        6.905785325500701,
        7.270830505010154,
        7.5854425546195765,
        7.574761581503683,
        7.156606402662066,
        7.199618075456885,
        7.081879745341008,
        7.265976248515976,
        6.878739150861899
      ]
    },
    "sparsity": {
      "overall": 0.968084583679835,
      "per_layer": [
        0.9435905085669622,
        0.9484309222963122,
        0.985523091422187,
        0.9705677562289766,
        0.9713913069831,
        0.9591411352157592,
        0.9593636724683975,
        0.9723178413179184,
        0.9735657109154596,
        0.9772875971264309,
        0.9724214341905381,
        0.983414027425978
      ]
    },
    "std": {
      "overall": 0.03496889999452698,
      "per_layer": [
        0.036294261501300044,
        0.03694586305775577,
        0.05594967915062119,
        0.0427587363584381,
        0.032162911360501305,
        0.02783125440247305,
        0.027839900553873222,
        0.033043887828373246,
        0.030710689948237908,
        0.03202872476605181,
        0.030065811649870332,
        0.03399507935682777
      ]
    },
    "max": {
      "overall": 0.6755851341047134,
      "per_layer": [
        0.6937913019856853,
        0.9650096609774562,
        0.9692816283139917,
        0.8782402616408137,
        0.6979514960872217,
        0.500481108449296,
        0.5600518883050729,
        0.6687423559940524,
        0.5802286751827018,
        0.5758926171240294,
        0.5081746148385314,
        0.509176000357709
      ]
    },
    "query_to_code": {
      "overall": 0.0062791868613350415,
      "per_layer": [
        0.017691532463455287,
        0.004644522105526518,
        0.00407574484936113,
        0.008407741922206292,
        0.007361053212254849,
        0.007865609263490114,
        0.007950652393396417,
        0.005622494556349937,
        0.0026364435792440113,
        0.0017751569673123413,
        0.0028799000563139994,
        0.004439390967109584
      ]
    },
    "code_to_query": {
      "overall": 0.006036404935659604,
      "per_layer": [
        0.018514185285192122,
        0.004066768489045191,
        0.005642802306283556,
        0.006403758113644169,
        0.008550986285330157,
        0.007774111517493212,
        0.00803926485494028,
        0.00550525387611837,
        0.002468928546812145,
        0.0014246249959215778,
        0.0019897120173892643,
        0.0020564629397452137
      ]
    },
    "code_to_code": {
      "overall": 0.025128552529688333,
      "per_layer": [
        0.04131162051231108,
        0.023915356970974248,
        0.028898819622352478,
        0.028949892234474344,
        0.03181316701900667,
        0.02352560901878557,
        0.024889888594771037,
        0.030849465357985332,
        0.02202589097163986,
        0.01719635716416532,
        0.01099425916699046,
        0.017172303722803563
      ]
    },
    "query_to_query": {
      "overall": 0.02457047135506019,
      "per_layer": [
        0.04734743601713692,
        0.022163678139602582,
        0.02890133651009011,
        0.026896595555121573,
        0.028337966629704975,
        0.022821797070921298,
        0.024791130152354734,
        0.03389386728101979,
        0.023096789322355305,
        0.017779956579235864,
        0.008337770329186847,
        0.010477332673992298
      ]
    },
    "query_to_code_sparsity": {
      "overall": 0.8536812364041015,
      "per_layer": [
        0.4766603596957064,
        0.8962683098159387,
        0.9057476045909955,
        0.8111812401094524,
        0.8365282293867827,
        0.7960860484000766,
        0.8406271814293156,
        0.8937838548426558,
        0.9486825166308369,
        0.9672071519282596,
        0.947840086508926,
        0.9235622535102731
      ]
    },
    "query_to_code_std": {
      "overall": 0.013020929996889303,
      "per_layer": [
        0.015428357473610217,
        0.01274118880032557,
        0.00992450550637357,
        0.018416945039411478,
        0.015239177008185027,
        0.013980794854331987,
        0.019018701557544974,
        0.016534923605176586,
        0.007903735899440613,
        0.005761823228971883,
        0.009489434659485598,
        0.011811572329814153
      ]
    },
    "query_to_code_max": {
      "overall": 0.12181044469197856,
      "per_layer": [
        0.1201362729093056,
        0.13521124432329504,
        0.10296919041016867,
        0.16982770987508247,
        0.1372719594131316,
        0.12385342090581414,
        0.17490482353807443,
        0.16666993164977206,
        0.07867626683350358,
        0.05590735508566366,
        0.0919017655628017,
        0.10439539579713002
      ]
    },
    "query_to_code_entropy": {
      "overall": 3.878429931641154,
      "per_layer": [
        4.4257307003847215,
        3.640641069665435,
        3.512580890467184,
        4.082499344729715,
        4.167084873188286,
        4.32186884039806,
        4.033346493314537,
        3.498456753033679,
        3.7525530544937484,
        3.7267375245897303,
        3.646834048339062,
        3.732825587089691
      ]
    }
  },
  "codebert-python (python)": {
    "entropy": {
      "overall": 7.181885976447828,
      "per_layer": [
        7.339735596544212,
        7.373643385039434,
        6.110400214791298,
        6.69740504067805,
        7.203790334363777,
        7.511255651712417,
        7.474095979912414,
        7.251948479149077,
        7.35862543558081,
        7.36194474912352,
        7.5085038269559545,
        6.991283023522961
      ]
    },
    "sparsity": {
      "overall": 0.9657351540194615,
      "per_layer": [
        0.9440595044030083,
        0.9478563600116305,
        0.9845428731706408,
        0.9740764962302313,
        0.9709047608905367,
        0.9607880247963799,
        0.962117460038927,
        0.9681872261895074,
        0.9677872657775879,
        0.9671295748816594,
        0.9617694483862982,
        0.9796028534571329
      ]
    },
    "std": {
      "overall": 0.03482965059703458,
      "per_layer": [
        0.03653219409574781,
        0.036714554531499737,
        0.05554077581069174,
        0.047022505086109355,
        0.03361517320445273,
        0.028862466432555165,
        0.029069774274830706,
        0.03147072400962416,
        0.028932370238989178,
        0.02943475488023574,
        0.02782906169805856,
        0.03293145290162
      ]
    },
    "max": {
      "overall": 0.700111384146752,
      "per_layer": [
        0.6953924261162885,
        0.9628340135224992,
        0.9702828644981815,
        0.8867003577243951,
        0.7260943271944093,
        0.5346238419361827,
        0.5753214021161613,
        0.6832582479239339,
        0.5672954393861194,
        0.5937911416403948,
        0.630809875153419,
        0.5749326725490391
      ]
    },
    "query_to_code": {
      "overall": 0.006917731889744609,
      "per_layer": [
        0.017519175740465437,
        0.005464481652849351,
        0.00492020752733592,
        0.008489806443523977,
        0.006635418546301884,
        0.008492276726795152,
        0.00697322239720203,
        0.005920869759479745,
        0.003507770131547103,
        0.003618043913674127,
        0.006839647641906293,
        0.004631862195854294
      ]
    },
    "code_to_query": {
      "overall": 0.007373448839583525,
      "per_layer": [
        0.018512572038632522,
        0.004480330904999289,
        0.006747076220114599,
        0.006890346478864255,
        0.00856802646126198,
        0.009106474468277762,
        0.007679167054195407,
        0.009770969476311583,
        0.0041838475429914175,
        0.003620874424516134,
        0.006014003993843491,
        0.002907697010993853
      ]
    },