{
  "microsoft/codebert-base (python)": {
    "entropy": {
      "overall": 7.282078612112888,
      "per_layer": [
        7.694111868739127,
        7.531651901288165,
        6.2355269086029805,
        7.21118697689639,
        7.458459182331958,
        7.70788839004106,
        7.667501219858727,
        7.19551201785604,
        7.176609401901563,
        7.130650330334901,
        7.404210747530063,
        6.971634399973684
      ]
    },
    "sparsity": {
      "overall": 0.9653473220489643,
      "per_layer": [
        0.9323630332946777,
        0.9456627501381768,
        0.983870307604472,
        0.964054544766744,
        0.9663830598195395,
        0.9590075413386029,
        0.9590694109598795,
        0.9722589784198337,
        0.974593612882826,
        0.9765077431996664,
        0.9691224495569865,
        0.9812744326061673
      ]
    },
    "std": {
      "overall": 0.03410723011684577,
      "per_layer": [
        0.03305314555432738,
        0.036230251236702316,
        0.05441202928907135,
        0.03977974769562328,
        0.031348014565689176,
        0.027481661878280442,
        0.02773991151156628,
        0.03325366261318171,
        0.03146070092043373,
        0.03182249984011933,
        0.029304209074729845,
        0.033400927222424395
      ]
    },
    "max": {
      "overall": 0.7009658438204228,
      "per_layer": [
        0.6600127354354804,
        0.9533122037537396,
        0.9660581627653705,
        0.8736735684797168,
        0.7072983017553471,
        0.5357191254798738,
        0.5825180403060383,
        0.7106960670660354,
        0.6736756734705219,
        0.6509814666221954,
        0.5655031419721329,
        0.5321416387386206
      ]
    },
    "query_to_code": {
      "overall": 0.0043669068778554735,
      "per_layer": [
        0.011664685011732357,
        0.00413950068824855,
        0.003042324180905591,
        0.005687963009942602,
        0.005226962589808359,
        0.005564459770893235,
        0.006305358695322462,
        0.003223240058702004,
        0.001396478084294649,
        0.0008442299320089811,
        0.00198613122908537,
        0.0033215492833215243
      ]
    },
    "code_to_query": {
      "overall": 0.003944043653870519,
      "per_layer": [
        0.012281986566829871,
        0.0034107643522436567,
        0.003509048011892446,
        0.0041843130361737865,
        0.004874351276536496,
        0.004928132624223104,
        0.0058899458740597765,
        0.002926721831757462,
        0.0012020369986740006,
        0.0007395331867630577,
        0.0015624619608768991,
        0.0018192281264156746
      ]
    },
    "code_to_code": {
      "overall": 0.01552258714169491,
      "per_layer": [
        0.02536504529416561,
        0.016328047629940556,
        0.017541325956396275,
        0.01710200914102542,
        0.019196778016824585,
        0.015635336905082415,
        0.015531489747445447,
        0.017931963268994072,
        0.013134473220841552,
        0.009856154367500697,
        0.008242353588684638,
        0.010406068563437683
      ]
    },
    "query_to_query": {
      "overall": 0.021908716449808005,
      "per_layer": [
        0.03751997419749386,
        0.021897627951703826,
        0.023939106263747414,
        0.022660792942285,
        0.025318318164661634,
        0.02097594292536087,
        0.021001216750947706,
        0.032206571954803725,
        0.021274644119633496,
        0.017420970309305832,
        0.00764101349744174,
        0.011048418320310956
      ]
    },
    "query_to_code_sparsity": {
      "overall": 0.8963662120929721,
      "per_layer": [
        0.6150761461061205,
        0.9136912880266116,
        0.9345849751687131,
        0.8669099901480121,
        0.8796563779579244,
        0.8632784460138315,
        0.8802633671300754,
        0.9363414784099562,
        0.9729613034636176,
        0.9858896043309855,
        0.9653720901423033,
        0.9423694782175148
      ]
    },
    "query_to_code_std": {
      "overall": 0.010422031410909567,
      "per_layer": [
        0.012434899197097157,
        0.012328908064452214,
        0.009517551317319179,
        0.013462829072826329,
        0.012574256113667715,
        0.011740858001455004,
        0.017373135084502184,
        0.010096591639103715,
        0.005388337408981494,
        0.0035378439573100374,
        0.0073513104868223106,
        0.00925785658737747
      ]
    },
    "query_to_code_max": {
      "overall": 0.12834429593522745,
      "per_layer": [
        0.1191740098405047,
        0.15941126413054596,
        0.13662988609379076,
        0.15982082025463265,
        0.15598924517608895,
        0.13500247991275197,
        0.2138886766386147,
        0.13276181937713558,
        0.07923326583537953,
        0.050189095543222116,
        0.09946118070395943,
        0.09856980771610324
      ]
    },
    "query_to_code_entropy": {
      "overall": 4.483226357973764,
      "per_layer": [
        5.10609705834132,
        4.336291661431057,
        4.106421195332788,
        4.8401958121814666,
        4.805295021790597,
        4.986109301654829,
        4.642077032787104,
        3.970991226453205,
        4.116584872050831,
        4.175768734318101,
        4.335126295892729,
        4.377758083451125
      ]
    }
  },
  "codebert-python (python)": {
    "entropy": {
      "overall": 7.299753088090154,
      "per_layer": [
        7.685484172569381,
        7.568107291642163,
        6.27080266467399,
        6.9383041337132445,
        7.377055516673459,
        7.605738952342006,
        7.517011540217532,
        7.236977128518952,
        7.349123097128339,
        7.381789688020945,
        7.6228377069864015,
        7.043805164595445
      ]
    },
    "sparsity": {
      "overall": 0.9629402878107848,
      "per_layer": [
        0.9329489337073432,
        0.944276385837131,
        0.9828064971499971,
        0.9692182673348321,
        0.963843411869473,
        0.9599965280956692,
        0.9630227088928223,
        0.9698938528696696,
        0.9679976966645981,
        0.9667851924896239,
        0.9576121303770279,
        0.9768818484412299
      ]
    },
    "std": {
      "overall": 0.03464072791636379,
      "per_layer": [
        0.03323167906395005,
        0.03575255294870456,
        0.05387173857242387,
        0.04485859324793435,
        0.03372419193490512,
        0.029484611437106248,
        0.030079686587365966,
        0.03291821689991694,
        0.03013635930821895,
        0.030420283301888656,
        0.027892610030701485,
        0.03331821166324921
      ]
    },
    "max": {
      "overall": 0.731295625730935,
      "per_layer": [
        0.6607007944516631,
        0.951193266030815,
        0.9641222324118845,
        0.8817675577787062,
        0.7524796043160475,
        0.5760963275356011,
        0.6114572752784524,
        0.7255360767271162,
        0.6444094100346168,
        0.6791698431027018,
        0.7186366209449867,
        0.6099785001586294
      ]
    },
    "query_to_code": {
      "overall": 0.005133647867353002,
      "per_layer": [
        0.0115835874973106,
        0.004521510763814244,
        0.0037434339368600275,
        0.005748194831805146,
        0.005132340205844028,
        0.006466767058731824,
        0.006070429023187292,
        0.00397559425815186,
        0.0024604152231751815,
        0.00286874592499468,
        0.005492945471979105,
        0.003539810212382033
      ]
    },
    "code_to_query": {
      "overall": 0.0050616374923566675,
      "per_layer": [
        0.012302713873005536,
        0.0037324526968756876,
        0.0042115500952806745,
        0.004737920352403712,
        0.005221006557374292,
        0.005734457314752541,
        0.005375321202197685,
        0.005691025599897672,
        0.002492106267722092,
        0.0025350173476302493,
        0.005271785546357125,
        0.003434293054782748
      ]
    },