{
  "microsoft/codebert-base (python)": {
    "entropy": {
      "overall": 7.259540515710358,
      "per_layer": [
        7.617904343538814,
        7.5464580853780125,
        6.205935587485631,
        7.061069007962942,
        7.361200524701013,
        7.683629427519111,
        7.6199463320275145,
        7.260901094724734,
        7.246406315515439,
        7.157164882868528,
        7.391323479927249,
        6.962547106875313
      ]
    },
    "sparsity": {
      "overall": 0.9662730726930829,
      "per_layer": [
        0.9349006149503919,
        0.9447231954998441,
        0.9845667945014106,
        0.9677055014504328,
        0.969951007101271,
        0.9602626827028063,
        0.9622013966242474,
        0.9706711371739704,
        0.9731438292397393,
        0.9758368730545044,
        0.9697084691789417,
        0.9816053708394367
      ]
    },
    "std": {
      "overall": 0.03440482013542755,
      "per_layer": [
        0.0340052891656847,
        0.03587625181050195,
        0.054724687094373316,
        0.04200211704786246,
        0.032127163868507426,
        0.02778946470708535,
        0.02834833454997149,
        0.032574584751273505,
        0.03082006522810035,
        0.031625531429502494,
        0.02947046924479461,
        0.03349388272747294
      ]
    },
    "max": {
      "overall": 0.6930051423895983,
      "per_layer": [
        0.6560706746531652,
        0.9574435206854509,
        0.9655075465949873,
        0.8715373931142191,
        0.7004163794529935,
        0.5228733479614472,
        0.5734302889193511,
        0.6961863153458884,
        0.6234859399911431,
        0.6371207450413041,
        0.5791130671795043,
        0.5328764897357259
      ]
    },
    "query_to_code": {
      "overall": 0.004700253251640904,
      "per_layer": [
        0.012498303307107467,
        0.0037997847462014245,
        0.0031081151147491523,
        0.005907873846581424,
        0.005588491040776313,
        0.005874340257555055,
        0.0061374536339573954,
        0.004369493794463115,
        0.0017560160413836456,
        0.0011679959105650695,
        0.0023366692134345612,
        0.0038585021129162243
      ]
    },
    "code_to_query": {
      "overall": 0.0044446860888638666,
      "per_layer": [
        0.013703013717025238,
        0.003397049225512644,
        0.004128295978173608,
        0.004550439665864461,
        0.0051846003395136595,
        0.005503896357216338,
        0.006934745484841187,
        0.003623266497487837,
        0.0015384019485982965,
        0.0009575345014051587,
        0.0017239093316226849,
        0.0020910800191052833
      ]
    },
    "code_to_code": {
      "overall": 0.01494636290752388,
      "per_layer": [
        0.026133601669345,
        0.015829901818708296,
        0.01764852344664784,
        0.01656045097287359,
        0.018394626530102362,
        0.014851193679836191,
        0.014384224476493221,
        0.018267013543259557,
        0.010618354911457573,
        0.00855891317799736,
        0.007707972639486292,
        0.01040157802407925
      ]
    },
    "query_to_query": {
      "overall": 0.021643119602882375,
      "per_layer": [
        0.041272829936739676,
        0.021653814440267326,
        0.026980083518234704,
        0.022873329943548824,
        0.02417449433333887,
        0.01923912679052996,
        0.021428303048903922,
        0.030683193486563846,
        0.019601728310489206,
        0.01497560532526323,
        0.00737398214182071,
        0.009460943958888239
      ]
    },
    "query_to_code_sparsity": {
      "overall": 0.8891414310496489,
      "per_layer": [
        0.5957568435988668,
        0.9184262710694422,
        0.929544735483184,
        0.852362070322252,
        0.8704382534589449,
        0.8538369877113058,
        0.8823875911696676,
        0.9167381719231357,
        0.9704939362903066,
        0.9786523338801141,
        0.9652162642886895,
        0.9358437133998786
      ]
    },
    "query_to_code_std": {
      "overall": 0.010982984710533434,
      "per_layer": [
        0.01262144458015789,
        0.011027616720945285,
        0.009632614947383742,
        0.013495241900272958,
        0.012755999118616678,
        0.010950763544668814,
        0.015445180210109459,
        0.01217121929390509,
        0.007000941860686301,
        0.004002050661357418,
        0.010678700644897768,
        0.012014043043399805
      ]
    },
    "query_to_code_max": {
      "overall": 0.13188801096942745,
      "per_layer": [
        0.11931192572438298,
        0.1433992033313594,
        0.13783939891597657,
        0.16273546594149796,
        0.1484666577536902,
        0.12034369064026074,
        0.16924488622478548,
        0.14227563145691924,
        0.09828534801807919,
        0.05184134904104414,
        0.15350446130691528,
        0.13540811327821858
      ]
    },
    "query_to_code_entropy": {
      "overall": 4.4428258931142475,
      "per_layer": [
        4.962509203184809,
        4.224275526513035,
        3.9847950147878795,
        4.774292899192207,
        4.775300066090292,
        4.99431375041604,
        4.6925510459889965,
        4.068597869268463,
        4.27990824651594,
        4.257124414874448,
        4.067635061633255,
        4.232607618905603
      ]
    }
  },
  "codebert-python (python)": {
    "entropy": {
      "overall": 7.2712002182379365,
      "per_layer": [
        7.607770267460082,
        7.566045945717229,
        6.248759613268906,
        6.818846073829466,
        7.28763276628322,
        7.575760691944095,
        7.456503202103907,
        7.286390543811851,
        7.396015639520354,
        7.396784548544222,
        7.628952821095784,
        6.984940505276124
      ]
    },
    "sparsity": {
      "overall": 0.9631018771065606,
      "per_layer": [
        0.9354914161894056,
        0.9437911113103231,
        0.9834565983878241,
        0.9718697998258804,
        0.9671302106645373,
        0.9604363441467285,
        0.9646285639868842,
        0.9676275915569729,
        0.9658578634262084,
        0.9639328850640191,
        0.9568347533543905,
        0.976165387365553
      ]
    },
    "std": {
      "overall": 0.035197306316284226,
      "per_layer": [
        0.034206729124788476,
        0.035608729247340105,
        0.05410949284204334,
        0.046558380097849295,
        0.0347788234398144,
        0.029969811799269844,
        0.0310050130614804,
        0.03259232026013908,
        0.03013238045322295,
        0.03125818309652257,
        0.027852980696479793,
        0.03429483167646039
      ]
    },
    "max": {
      "overall": 0.7307317294352861,
      "per_layer": [
        0.6572625073474936,
        0.9556845339118606,
        0.9635362898310026,
        0.8844329749958383,
        0.7569588998643061,
        0.5759634760001469,
        0.6276125093249397,
        0.7321059442280481,
        0.6291792480559606,
        0.6814885954113884,
        0.7493742249078221,
        0.5551815493446257
      ]
    },
    "query_to_code": {
      "overall": 0.0063341685670826155,
      "per_layer": [
        0.012387784022857132,
        0.00436772406512529,
        0.003629347669351191,
        0.0058306081234857435,
        0.005418982501118485,
        0.006606344807753178,
        0.006941280273875034,
        0.005714893241783154,
        0.0045704613172637834,
        0.0063147244098078975,
        0.009546705234552318,
        0.0046811671380182
      ]
    },
    "code_to_query": {
      "overall": 0.006159846133572232,
      "per_layer": [
        0.013722528003547516,
        0.0036251360649884284,
        0.004582614419190475,
        0.004883271491886869,
        0.005190466425170194,
        0.006085556892963318,
        0.007739575499903772,
        0.008770235631922044,
        0.004929815039493708,
        0.003874347437128259,
        0.006269469309725335,
        0.004245137386946861
      ]
    },