{
  "microsoft/codebert-base (python)": {
    "entropy": {
      "overall": 7.123339719966882,
      "per_layer": [
        7.423533039788405,
        7.340385412176452,
        6.098746966570616,
        6.919984669735034,
        7.244998916155763,
        7.54748550305764,
        7.512143994785018,
        7.088977539290984,
        7.150924822108613,
        7.025295373466279,
        7.260141442219417,
        6.867458960248364
      ]
    },
    "sparsity": {
      "overall": 0.9693108278292195,
      "per_layer": [
        0.9414457082748413,
        0.9500339958402848,
        0.9860505130555896,
        0.9717046154869927,
        0.9726563824547662,
        0.9626188543107773,
        0.9621172481113011,
        0.9748877022001478,
        0.9752529197269015,
        0.978837251663208,
        0.9725306431452433,
        0.9835940996805826
      ]
    },
    "std": {
      "overall": 0.03533393783140195,
      "per_layer": [
        0.03561138224176829,
        0.03752442612312735,
        0.05590665452796708,
        0.04272944027131113,
        0.03294129947122807,
        0.028344517024783678,
        0.02859005554637406,
        0.033826238296266346,
        0.03136120335289484,
        0.03277019789190187,
        0.030255902747740038,
        0.034145936481460616
      ]
    },
    "max": {
      "overall": 0.6819050074263941,
      "per_layer": [
        0.7080903498119572,
        0.9628592753886348,
        0.9673804451918436,
        0.8816957692615688,
        0.6970954931651553,
        0.5091430883233745,
        0.5723277653257053,
        0.6800090203889543,
        0.5995621493655361,
        0.5562884249310526,
        0.5366043131022404,
        0.511803994860707
      ]
    },
    "query_to_code": {
      "overall": 0.007210929494927263,
      "per_layer": [
        0.018182928049932406,
        0.005511302244870852,
        0.006016786060896273,
        0.010250419293470259,
        0.00972136855250483,
        0.00919921407199177,
        0.009507697687884805,
        0.005633707290238179,
        0.0026290790088410176,
        0.0017364322415384474,
        0.0029838199354262295,
        0.005158399501532075
      ]
    },
    "code_to_query": {
      "overall": 0.006351386045190429,
      "per_layer": [
        0.01784449634159491,
        0.0044474743813149534,
        0.0062166075010863,
        0.006932008611101993,
        0.009457300536698516,
        0.007672682460603634,
        0.007744680667934114,
        0.005769260064054056,
        0.002683462990928673,
        0.0019753542404840926,
        0.0025809412830837017,
        0.0028923634634002346
      ]
    },
    "code_to_code": {
      "overall": 0.024571772552256996,
      "per_layer": [
        0.041438745890950986,
        0.023215368280337618,
        0.02856365315933039,
        0.029269738932069026,
        0.031244613138470517,
        0.02354232802564285,
        0.023279240120043853,
        0.030148417005370395,
        0.022718086888112842,
        0.01337924569310821,
        0.01132235556776272,
        0.016739477925884535
      ]
    },
    "query_to_query": {
      "overall": 0.024422735999545846,
      "per_layer": [
        0.04578080970693715,
        0.0241046241879101,
        0.028106761747848295,
        0.025702952419831285,
        0.028946174112004678,
        0.022088062994751256,
        0.024712310263364793,
        0.03378443839190166,
        0.021797541912342747,
        0.01672031187263201,
        0.009465377764526137,
        0.011863466620500022
      ]
    },
    "query_to_code_sparsity": {
      "overall": 0.8476751211745741,
      "per_layer": [
        0.5039244294582231,
        0.8949734705913136,
        0.8925752216872355,
        0.7961765368707252,
        0.8060885677551296,
        0.7868518628918474,
        0.8252070446268255,
        0.900971618522735,
        0.9461434248758956,
        0.9672039874622077,
        0.9460944958237864,
        0.9058907935289655
      ]
    },
    "query_to_code_std": {
      "overall": 0.015037339495129122,
      "per_layer": [
        0.018412152168949685,
        0.015992856669883083,
        0.015902089267235117,
        0.02145581281683917,
        0.01959010629583544,
        0.016750189386685734,
        0.023548236977199443,
        0.01457902286043596,
        0.007010763328670085,
        0.005190277203294298,
        0.010017739426088053,
        0.011998827540433389
      ]
    },
    "query_to_code_max": {
      "overall": 0.1384536386361268,
      "per_layer": [
        0.1497072212936372,
        0.16359918917862817,
        0.1491323207229319,
        0.18639971623189114,
        0.17209484367493935,
        0.1453487248387925,
        0.21595704923230288,
        0.13796800713290872,
        0.0713338618825219,
        0.05364941272798913,
        0.11373176375693422,
        0.10252155296004478
      ]
    },
    "query_to_code_entropy": {
      "overall": 3.995203102555226,
      "per_layer": [
        4.516330086752229,
        3.765978103139787,
        3.626741768546506,
        4.260667360232523,
        4.2554157279276605,
        4.455972278904585,
        4.098907199791736,
        3.5821332127153345,
        3.865300238649878,
        3.8271221508427207,
        3.7361530935288303,
        3.951716009630926
      ]
    }
  },
  "codebert-python (python)": {
    "entropy": {
      "overall": 7.139917065423948,
      "per_layer": [
        7.4131660035087,
        7.366950606720315,
        6.124040159500308,
        6.741688160018789,
        7.194120359503561,
        7.4659014965097095,
        7.398390361832246,
        7.135254706773494,
        7.260895526657502,
        7.241081774234773,
        7.444225694570277,
        6.893289935257701
      ]
    },
    "sparsity": {
      "overall": 0.9675182976104596,
      "per_layer": [
        0.9418917894363403,
        0.949141197734409,
        0.9853761063681709,
        0.9740820195939807,
        0.970947504043579,
        0.9637282689412435,
        0.9654488298628063,
        0.9731046888563367,
        0.971151762538486,
        0.9703928762012058,
        0.9633964829974705,
        0.9815580447514853
      ]
    },
    "std": {
      "overall": 0.03551969275172775,
      "per_layer": [
        0.035823565889182236,
        0.03716558090268841,
        0.055511533990890406,
        0.0464720635015207,
        0.03426004041749467,
        0.029597795034836363,
        0.03001918238927222,
        0.03302986154610861,
        0.03026412157729889,
        0.03118182592960592,
        0.028926632742190525,
        0.033984109099643924
      ]
    },
    "max": {
      "overall": 0.7140081152373803,
      "per_layer": [
        0.7093036072846087,
        0.9604123389451868,
        0.9684024429880084,
        0.8880663171617521,
        0.7147360202701142,
        0.5346016739495099,
        0.5751162251302352,
        0.6951624440132743,
        0.5846824025243728,
        0.6128904465327246,
        0.7304307661122746,
        0.5942926979365035
      ]
    },
    "query_to_code": {
      "overall": 0.008362706463460072,
      "per_layer": [
        0.018040917566636457,
        0.006282306924000377,
        0.0072053898417152595,
        0.010644150440864702,
        0.009682237167794483,
        0.010762711839712816,
        0.008211382420793395,
        0.006760658864400668,
        0.0037632632873080885,
        0.004378321256884496,
        0.008947648768361837,
        0.005673489183048305
      ]
    },
    "code_to_query": {
      "overall": 0.008342892852162416,
      "per_layer": [
        0.017819584809332593,
        0.00487038805932991,
        0.007360546316748343,
        0.0077387685609867024,
        0.010000521319195993,
        0.009760250053684812,
        0.00731261979689811,
        0.011471310483702977,
        0.0044706077413568185,
        0.004867213325844153,
        0.008579373780750958,
        0.005863529978117614
      ]
    },