{
  "microsoft/codebert-base (multilingual)": {
    "entropy": {
      "overall": 7.561133921703445,
      "per_layer": [
        8.378045464601843,
        7.843344872985674,
        6.631819302047895,
        7.421207970176531,
        7.794339294374175,
        8.028096904264432,
        8.008833586241225,
        7.4741804083559735,
        7.296630536655772,
        7.235420186200244,
        7.473041520311824,
        7.148647014225755
      ]
    },
    "sparsity": {
      "overall": 0.964241357607262,
      "per_layer": [
        0.9299174989123952,
        0.9482674167906384,
        0.9808158755673798,
        0.9685468822253456,
        0.9636420847099517,
        0.9600203089253555,
        0.9553858914479288,
        0.9670304390500267,
        0.9735116691232841,
        0.9755444036465938,
        0.971325170213931,
        0.976888650674315
      ]
    },
    "std": {
      "overall": 0.03251885438991263,
      "per_layer": [
        0.027773590923999242,
        0.03584173916929004,
        0.049914983874389966,
        0.0393102510115625,
        0.029225260887521313,
        0.02586962759416446,
        0.025988236673878406,
        0.03158864187949984,
        0.031072227855871586,
        0.03157714155801453,
        0.02969743798391145,
        0.032367113266848144
      ]
    },
    "max": {
      "overall": 0.7279863056244652,
      "per_layer": [
        0.6196887271734087,
        0.9513291605629283,
        0.9684495599099036,
        0.8864915732561242,
        0.726383988777425,
        0.5740975299821093,
        0.621585299432092,
        0.7592428730353946,
        0.7129657536837913,
        0.7372424116944227,
        0.6476938799255733,
        0.5306649100604087
      ]
    },
    "query_to_code": {
      "overall": 0.001735371254186072,
      "per_layer": [
        0.005246079071448975,
        0.0017941705915634609,
        0.0011219295055060771,
        0.0021231190029400156,
        0.001987326600720449,
        0.002139074416534023,
        0.0021962746015583364,
        0.0013212158548882313,
        0.0004857587110717054,
        0.00040256752510340384,
        0.0006654466340519478,
        0.0013414925348462408
      ]
    },
    "code_to_query": {
      "overall": 0.0018746703513579691,
      "per_layer": [
        0.00599343999368739,
        0.0019468584754466622,
        0.001611466157640696,
        0.0022658158055758426,
        0.002113587259971346,
        0.002533163298869107,
        0.002493805761227791,
        0.0012959039751612637,
        0.0004938235347742542,
        0.00033251991505715514,
        0.0006501963734211405,
        0.0007654636654629837
      ]
    },
    "code_to_code": {
      "overall": 0.005585017993662939,
      "per_layer": [
        0.0099338587905524,
        0.006295598026367218,
        0.006181309100977041,
        0.006405445964585531,
        0.006767964590416287,
        0.005816428502332535,
        0.006072931773917072,
        0.006386981884451334,
        0.003617718855152632,
        0.0030737184918102245,
        0.002669785216881945,
        0.00379847472651104
      ]
    },
    "query_to_query": {
      "overall": 0.024530603479781712,
      "per_layer": [
        0.038546498696612794,
        0.0287417863084749,
        0.029443108870370768,
        0.025893154682905622,
        0.025567887358850152,
        0.02081335575906527,
        0.02300557512192475,
        0.03367898875411899,
        0.02551880769951652,
        0.020516075840240892,
        0.011371987514805108,
        0.01127001515049477
      ]
    },
    "query_to_code_sparsity": {
      "overall": 0.9650122511972256,
      "per_layer": [
        0.8462077391473208,
        0.9728860983313449,
        0.9808622506279376,
        0.964042670207686,
        0.966137792911606,
        0.96132341014731,
        0.9603619555013717,
        0.9774883553515438,
        0.993132998964271,
        0.9938004003668942,
        0.9904422959319255,
        0.973461046877496
      ]
    },
    "query_to_code_std": {
      "overall": 0.005197155420204684,
      "per_layer": [
        0.0067536051588959235,
        0.006602881504958108,
        0.003920335248623581,
        0.006689584875075694,
        0.006288002615638164,
        0.005686095513902443,
        0.007439808697259125,
        0.005719599785093981,
        0.0021729138846514778,
        0.002120893622641885,
        0.0037411133041990916,
        0.0052310308315167255
      ]
    },
    "query_to_code_max": {
      "overall": 0.09333461140608196,
      "per_layer": [
        0.0926253878070154,
        0.13756228065373613,
        0.07783930043858002,
        0.11754277010542208,
        0.10721586565425434,
        0.09209042050835105,
        0.12444521426701934,
        0.10776344094544281,
        0.04369151042949305,
        0.044709492905095884,
        0.08204472850476148,
        0.09248492465381203
      ]
    },
    "query_to_code_entropy": {
      "overall": 5.201569944017474,
      "per_layer": [
        5.832077162427322,
        5.047875087961738,
        5.024616626146426,
        5.567547949489403,
        5.555606820269536,
        5.744191498956948,
        5.391464410912582,
        4.608330907062208,
        4.952576354563794,
        4.806525077868102,
        4.812132689626046,
        5.07589474292559
      ]
    }
  }
}